Comapany name,Year,Non-current asset,Current asset,Total Equity,Non-current liabilities,current liabilities,Revenue,Gross profit,Quick ratio,Profit Margin Ratio,Classifier,source
Amra Network,2018,984664250,907093831,1714595740,15418851,161743488,949509019,406326034,5.60822474,42.79327799,1,https://www.aamranetworks.com/wp-content/uploads/2018/12/ammra-networks-limited_AR-2018_04.12.18.pdf
Amra Network,2017,765088956,571543564,1021431770,16247568,298953182,795520446,311032921,1.911816292,39.09804237,1,https://www.aamranetworks.com/wp-content/uploads/2017/12/Annual-Report-2017.pdf
Amra Network,2016,690494918,389935757,899157265,15816386,165457024,381639816,147009852,2.356719271,38.52057512,1,https://www.aamranetworks.com/wp-content/uploads/2018/04/Annual-Report-2016.pdf
Amra Network,2015,637491067,305661744,835156412,14093201,93903198,305546025,117627847,3.255072783,38.49758707,1,https://www.aamranetworks.com/wp-content/uploads/2018/04/Annual-Report-2015.pdf
Amra Network,2014,471796465,387026921,574299678,62020140,222503568,595085403,238599503,1.739418943,40.09500179,1,https://www.aamranetworks.com/wp-content/uploads/2018/04/Annual-Report-2014.pdf
Amra Network,2013,393646891,207592987,355274975,100236238,145728665,515106448,220307012,1.424517181,42.76922039,0,https://www.aamranetworks.com/wp-content/uploads/2018/04/Annual-Report-2013.pdf
AmraTechnologies ltd,2018,330246671,1850736173,1286566011,214615064,679801770,1142997243,216464335,2.722464481,18.93830771,0,https://www.aamratechnologies.com/wp-content/uploads/2018/12/ammra-technologies-limited_AR-2018_5.12.18.pdf
AmraTechnologies ltd,2017,246480092,1714037990,1252879800,130097289,577540993,1171444050,198464824,2.967820485,16.94189526,0,https://www.aamratechnologies.com/wp-content/uploads/2017/12/Annual-Report-2017.pdf
AmraTechnologies ltd,2016,291594084,1627046696,1223903304,53800733,640936743,1114779623,193343541,2.538544894,17.34365582,0,https://www.aamratechnologies.com/wp-content/uploads/2016/12/ATL-Report.pdf
AmraTechnologies ltd,2015,281404207,1678195770,1197246373,32432992,729920612,1201530609,205420634,2.299148349,17.09657935,0,https://www.aamratechnologies.com/wp-content/uploads/2015/11/Annual-Report-2015.pdf
AmraTechnologies ltd,2014,310295330,1454662238,1161332989,41043436,562581143,1016522973,206133873,2.585693204,20.27832902,0,https://www.aamratechnologies.com/wp-content/uploads/2014/12/Aamra-Technologies-Limited-Annual-Report-2014.pdf
AmraTechnologies ltd,2013,307674582,1326524639,1102557653,0,531641568,717863483,184010026,2.495148459,25.63301106,0,https://www.aamratechnologies.com/wp-content/uploads/2014/09/Aamra-Technologies-Limited-Annual-Report-2013.pdf
AmraTechnologies ltd,2012,224963468,1952032126,1028963691,35884671,112147231,668400734,145205125,17.40597702,21.72426175,0,https://www.aamratechnologies.com/wp-content/uploads/2014/09/Aamra-Technologies-Limited-Annual-Report-2012.pdf
AmraTechnologies ltd,2011,52430336,913283030,505564462,41715894,614854857,512566960,108819947,1.48536361,21.23038656,0,https://www.aamratechnologies.com/wp-content/uploads/2014/09/Aamra-Technologies-Limited-Annual-Report-2012.pdf
Aman Cotton ltd,2018,1774400292,2854217154,3386614445,141964555,1100038447,1609935925,399138665,2.594652179,24.79220811,0,http://www.amancotton.com/wp-content/uploads/2019/01/Annual-Report-2018-of-ACFL-Final-Update.pdf
Aman Cotton ltd,2017,1794381963,2543511142,3129326452,151789290,1056777363,1734266045,433253940,2.406856194,24.98197674,0,http://www.amancotton.com/wp-content/uploads/2019/01/Annual-Report-2018-of-ACFL-Final-Update.pdf
Aman Cotton ltd,2016,1669006402,2418716117,2748147677,202350749,1137224093,1150687194,292245723,2.126859721,25.39749504,0,http://www.amancotton.com/mar-31-2016/
Aman Cotton ltd,2015,1423180208,2448831433,2551091733,158223344,1162696566,1338152622,336683697,2.106165533,25.16033608,0,http://www.amancotton.com/mar-31-2016/
Aziz Pipes Ltd.,2018,256125848,211202929,93748865,79319842,148124157,252473856,30541499,1.425850673,12.09689569,0,http://www.azizpipes.com/wp-content/uploads/2018/11/APL_Annual_Report_2017-18_2.pdf
Aziz Pipes Ltd.,2017,85612179,234715108,260473347,110057040,140850749,233466248,26203332,1.666410081,11.22360608,0,http://www.azizpipes.com/wp-content/uploads/2018/11/APL_Annual_Report_2017-18_2.pdf
Aziz Pipes Ltd.,2016,90048755,232657116,263232056,227757187,358180740,125788773,10959709,0.6495522791,8.712787905,0,http://www.azizpipes.com/wp-content/uploads/2017/01/APL_Annual_Report_2015-16.pdf
Aziz Pipes Ltd.,2015,110817634,239839018,255492313,173765090,432383875,118432757,3279118,0.5546900147,2.768759322,0,http://www.azizpipes.com/wp-content/uploads/2017/01/APL_Annual_Report_2015-16.pdf
Aramit Limited,2018,408700578,716189093,904428615,34422654,186038402,50644712,85610336,3.84968418,169.0410166,1,http://www.aramitgroup.com/pdf_file/FS_Annual_2018.pdf
Aramit Limited,2017,489558667,670106272,951331609,60743675,147589655,483529637,73862759,4.540333616,15.27574596,0,http://www.aramitgroup.com/pdf_file/FS_Annual_2018.pdf
Aramit Limited,2016,425981090,602331332,858599470,34378773,135334179,722234651,125205793,4.450696317,17.33588839,0,http://www.aramitgroup.com/pdf_file/FS_for_the_18_months_ended_30_June_2016_.pdf
Aramit Limited,2014,487965036,546580183,841932765,36448069,156164385,448952488,100218003,3.500030964,22.32263005,0,http://www.aramitgroup.com/pdf_file/FS_for_the_18_months_ended_30_June_2016_.pdf
Anwar Galvanizing Ltd.,2018,89399729,249572656,135650975,10409064,192912346,368290713,50929003,1.293710129,13.82847875,0,http://anwargalvanizing.com/sites/default/files/AGL%20Annual%20Report%2C%202018.pdf
Anwar Galvanizing Ltd.,2017,139372329,162839306,117780579,7321711,177109345,249107204,35653495,0.9194280855,14.31251061,0,http://anwargalvanizing.com/sites/default/files/AGL%20Annual%20Report%2C%202018.pdf
Agricultural Marketing Company Ltd. (Pran),2018,392391202,1039057752,603109489,98733718,729605747,2538528750,487016604,1.42413592,19.18499462,0,http://www.amclpran.com/annual_report_2017_18.pdf
Agricultural Marketing Company Ltd. (Pran),2017,474194353,988827887,573786537,163402037,725833666,2380800023,455268856,1.362334008,19.12251561,0,http://www.amclpran.com/annual_report_2017_18.pdf
Agricultural Marketing Company Ltd. (Pran),2016,544637029,914631456,544449120,217287153,697532212,2091553854,406214484,1.311239023,19.42166028,0,http://www.amclpran.com/annual_report_2015_16.pdf
Agricultural Marketing Company Ltd. (Pran),2015,658081631,847630021,517050961,449174768,539485923,1886505385,389957836,1.57118098,20.6709103,0,http://www.amclpran.com/annual_report_2015_16.pdf
Ambee Pharmaceuticals Ltd. ),2017,119902598,331676738,60579232,15979194,375020909,351819114,184811294,0.8844219883,52.53020278,0,http://www.ambeepharma.com/download-info/18/AMBEE_Financial_Statement-(Audited)_2016-2017.pdf
Ambee Pharmaceuticals Ltd. ),2016,95182604,326970446,59564550,7149224,355439276,511999180,267107930,0.9199052217,52.16960113,0,http://www.ambeepharma.com/download-info/18/AMBEE_Financial_Statement-(Audited)_2016-2017.pdf
Ambee Pharmaceuticals Ltd. ),2015,47345820,383254673,57893815,7142224,365564452,339399376,177537618,1.048391524,52.3093531,0,http://www.ambeepharma.com/download-info/18/AMBEE_Financial_Statement-(Audited)_2016-2017.pdf
Agni Systems Ltd.,2018,612633361,579040983,1028316668,44697320,118660356,329450195,158664967,4.879818353,48.16053213,1,http://www.agni.com/financial/Annual_Report-FY-2017-2018.pdf
Agni Systems Ltd.,2017,637702096,575848144,991670005,74970442,146909792,326774332,157266686,3.9197397,48.12700099,1,http://www.agni.com/financial/Annual_Report-FY-2017-2018.pdf
Agni Systems Ltd.,2016,657968483,531117666,952599492,105815348,130671309,336375715,178514604,4.06453161,53.07000358,1,http://www.agni.com/financial/Annual_Report_2015-16.pdf
Agni Systems Ltd.,2015,613797825,867393437,885214826,46779721,549196715,311984468,164805298,1.579385698,52.82484063,1,http://www.agni.com/financial/Annual_Report_2015-16.pdf
The ACME Laboratories Limited,2018 BDT.M,21105.68,11462.21,17645.03,4615.51,10363.7,14813.91,5871.52,1.105995928,39.63518072,0,http://www.acmeglobal.com/wp-content/uploads/2018/11/ANNUAL_REPORT_2017-2018.pdf
The ACME Laboratories Limited,2017,18220.23,11671.33,16956.28,3675.91,9315.04,13576.32,5536.49,1.252955436,40.78049133,0,http://www.acmeglobal.com/wp-content/uploads/2018/11/ANNUAL_REPORT_2017-2018.pdf
The ACME Laboratories Limited,2016,17240.11,11603.36,16364.47,3958.45,8566.79,12644.91,4874.3,1.354458321,38.54752624,0,http://www.acmeglobal.com/wp-content/uploads/2018/11/ANNUAL_REPORT_2017-2018.pdf
The ACME Laboratories Limited,2015,16027.23,7198.98,11372.63,4904.88,6982.26,11496.41,4301.42,1.031038661,37.41533226,0,http://www.acmeglobal.com/wp-content/uploads/2018/11/ANNUAL_REPORT_2017-2018.pdf
The ACME Laboratories Limited,2014,15511.9,6635.06,10692.17,3057.68,8429.73,10217.93,3980.14,0.7871023153,38.95250799,0,http://www.acmeglobal.com/wp-content/uploads/2018/11/ANNUAL_REPORT_2017-2018.pdf
Bata Shoe Company (Bangladesh) Limited,2017,1217030428,6534801034,4224698311,280654000,3246479151,9040558355,4046695119,2.01288865,44.76156184,1,https://cdn.shopify.com/s/files/1/2287/9679/files/Annual_Report_2017.pdf?10150090535982879132
Bata Shoe Company (Bangladesh) Limited,2016,1173838296,5380383786,3556586430,280582630,2717053022,8784553317,3817315304,1.980227748,43.45485953,1,https://cdn.shopify.com/s/files/1/2287/9679/files/Annual_Report_2017.pdf?10150090535982879132
Bangladesh Autocars Ltd,2018,44391456,24763340,16590234,20338285,32226276,109221196,13383137,0.7684207756,12.25324158,0,http://www.bdautocars.com/images/Annual%20Report%202017-18/Statement%20of%20Financial%20Position.pdf
Bangladesh Autocars Ltd,2017,48503303,23794191,10700095,21803324,39794074,101412294,11983063,0.5979330239,11.81618375,0,http://www.bdautocars.com/images/Annual%20Report%202017-18/Income%20statement.pdf
BDCOM Online Ltd,2018,349794084,567391510,723608493,13156237,180420864,534743947,296618221,3.144822042,55.4692059,1,http://www.bdcom.com/assets/uploads/upload/BDCOM_Annual_Report_2017-18.pdf
BDCOM Online Ltd,2017,347772542,515409288,677301184,10935291,174945354,520959045,291070848,2.946115894,55.87211716,1,http://www.bdcom.com/assets/uploads/upload/BDCOM_Annual_Report_2017-18.pdf
Bangladesh Services Ltd.,2018,7294112461,1310973380,40735997,6372051699,2192298145,268779298,114766729,0.5979904617,42.69924427,0,http://www.bsl.gov.bd/doc/AnnualReport-2018.pdf
Bangladesh Services Ltd.,2017,4971745138,1307037141,595240984,4032460244,1651081051,241692546,103439110,0.791625063,42.79780726,0,http://www.bsl.gov.bd/doc/AnnualReport-2018.pdf
Bd.Thai Aluminium Ltd. ,2015,2444494392,1705911667,2554670729,508339566,648517230,752880171,282812315,2.630480098,37.56405413,1,http://www.btaalu.com/pdf/FINANCIAL_POSITION_OF_BD_THAI_UN-AUDITED0001.pdf
Bd.Thai Aluminium Ltd. ,2014,2414276518,1545907442,2456592732,619817100,447339209,656135999,229179514,3.455783466,34.92866027,0,http://www.btaalu.com/pdf/FINANCIAL_POSITION_OF_BD_THAI_UN-AUDITED0001.pdf
Bangladesh Welding Electrodes Ltd.,2017,195208613,915804144,516603353,6107958,588301445,41611659,8030677,1.556691985,19.29910317,0,http://www.bwelbd.com/image/Annual-Report-2016-17-of-Bd-Welding.pdf
Bangladesh Welding Electrodes Ltd.,2016,515854384,533422487,552566799,90597623,406112450,90800666,20336643,1.313484694,22.39701964,0,http://www.bwelbd.com/image/Annual-Report-2016-17-of-Bd-Welding.pdf
Beacon Pharmaceuticals Limited,2018,2508372310,2400038430,3000743908,575000582,1332666250,3760786106,1833454433,1.80092985,48.75189339,1,https://www.beaconpharma.com.bd/wp-content/uploads/2018/11/Annual-Report-2018.pdf
Beacon Pharmaceuticals Limited,2017,2681258044,2424721610,2991306829,976649730,1138029634,2948456509,1463832813,2.130631345,49.64742768,1,https://www.beaconpharma.com.bd/wp-content/uploads/2018/11/Annual-Report-2018.pdf
Beacon Pharmaceuticals Limited,2016,2451383653,2563219957,3002089774,861846112,1150667724,2491804435,1199196063,2.227593512,48.12560914,1,https://www.beaconpharma.com.bd/wp-content/uploads/2018/11/Annual-Report-2018.pdf
Beacon Pharmaceuticals Limited,2015,2186892763,2551804834,2906125644,705289319,1127282634,2052938834,991325471,2.263677943,48.28811529,1,https://www.beaconpharma.com.bd/wp-content/uploads/2018/11/Annual-Report-2018.pdf
Beacon Pharmaceuticals Limited,2014,2432467559,2157357740,2867382009,660360017,1062083274,1690363446,796243891,2.031251026,47.10489291,1,https://www.beaconpharma.com.bd/wp-content/uploads/2018/11/Annual-Report-2018.pdf
Bengal Windsor Thermoplastics Ltd.,2018,751588624,1701564283,2159847968,59111444,234193495,887739706,225543665,7.26563427,25.40650863,0,http://www.windsor.bengalgroup.com/docs/annual-report/2018.pdf
Bengal Windsor Thermoplastics Ltd.,2017,692946192,1709306488,2019465006,101969511,280818163,904792492,257982204,6.0868801,28.51285861,0,http://www.windsor.bengalgroup.com/docs/annual-report/2017.pdf
Berger Paints Bangladesh Ltd.,"2018 ""000",3521020,5473195,6051135,236989,2706091,16483497,7354141,2.022546544,44.6151748,1,https://www.bergerbd.com/fin_report_n_awards/2018/Annual_Report_2018.pdf
Berger Paints Bangladesh Ltd.,2017,3032024,5405802,5366735,179501,2891590,14622448,7106027,1.86949118,48.59669872,1,https://www.bergerbd.com/fin_report_n_awards/BGR-AnnualReport-2017.pdf
Bashundhara Paper Mills Limited,2018,11910497863,13151640417,7549501544,5527266137,11985370600,10821096081,"1,920,576,581",1.097307781,17.74844772,0,http://www.bashundharapapermills.com/assets/pdf/BPML_Annual_Report_2017-2018.pdf
Bashundhara Paper Mills Limited,2017,10230771384,10447116550,4887173860,5736220676,10054493398,10004078641,1824413363,1.039049521,18.23669554,0,http://www.bashundharapapermills.com/assets/pdf/BPML_Annual_Report_2017-2018.pdf
Bangladesh Shipping Corporation,2018,4977002346,5270343509,8177770204,1099416103,970159547,574609155,831874605,5.432450286,144.7722505,1,https://drive.google.com/file/d/1kdLjnNPl8Lx6KBlQLP46Y2uzyNYFkI6F/view
Bangladesh Shipping Corporation,2017,5061729549,4808174870,8038753357,1165625222,665525839,563582639,821513147,7.224625384,145.7662267,1,https://drive.google.com/file/d/1kdLjnNPl8Lx6KBlQLP46Y2uzyNYFkI6F/view
Bangladesh Steel Re-Rolling Mills Limited,2018,35893428038,40703277970,17064036591,11497438975,48035230441,68924014794,8147155404,0.8473630208,11.82048873,0,https://www.bsrm.com/wp-content/uploads/2018/BSRMLTD_Annual_Report_2017_18.pdf
Bangladesh Steel Re-Rolling Mills Limited,2017,36055528368,24553985706,13753068208,8957656205,37898789661,42182532928,4696530554,0.6478831099,11.13382774,0,https://www.bsrm.com/wp-content/uploads/2018/BSRMLTD_Annual_Report_2017_18.pdf
GBB Power Limited,2018,1209505860,1163575595,19892645679,,383816876,549925019,138907530,3.0315905,25.25935813,0,https://www.gbb.com.bd/wp-content/uploads/2018/12/Annual-Report-2017-2018.pdf
GBB Power Limited,2017,1282370267,922874344,2041538831,,163705780,526879384,170228425,5.637396212,32.30880353,0,https://www.gbb.com.bd/wp-content/uploads/2018/12/Annual-Report-2017-2018.pdf
Gemini Sea Food Ltd.,2018,43856384,466659998,45569845,6405072,458541465,795547680,85470217,1.017705123,10.74356939,0,http://www.geminiseafood.com/pdf/Annual%20Report-2018.pdf
Gemini Sea Food Ltd.,2017,36070123,735941405,42953585,6644746,722413198,1355124137,101781280,1.018726412,7.510845481,0,http://www.geminiseafood.com/pdf/Annual%20Report%202016-17.pdf
Generation Next Fashions Limited ,2018,4505145853,2588986428,5670435574,,790161182,4023783905,890940356,3.276529507,22.14185396,0,https://static1.squarespace.com/static/5ab211728f5130963ee0fcea/t/5bebe20b8a922de0b1b813b7/1542185631167/Annual+Report-2017-2018.pdf
Generation Next Fashions Limited ,2017,3997985157,2399357831,5214062313,,835821950,3279614648,642473091,2.87065664,19.58989576,0,https://static1.squarespace.com/static/5ab211728f5130963ee0fcea/t/5afb2cd71ae6cfb77eeb10dd/1526410543209/annual_report_2016_17.pdf
Global Heavy Chemicals Limited,2018,3871461271,644078630,3934676687,387718528,193144686,562128091,167770069,3.334695059,29.84552306,0,http://www.ghclbd.com/images/pdf/AnnualReport2017-2018.pdf
Global Heavy Chemicals Limited,2017,3832436786,613510044,3874883329,374583691,196479811,538376699,158049417,3.122509335,29.35665999,0,http://www.ghclbd.com/images/pdf/Financial-Statement-2016-17.pdf
GPH Ispat Ltd. ,2018,14093479693,8600764720,5528937420,8588537548,8576769445,9814101120,1602544541,1.002797705,16.32899969,0,http://www.gphispat.com.bd/Download/annual_reports/2017%20-%202018/Annual%20Report%202017%20-%202018.pdf
GPH Ispat Ltd. ,2017,4746153926,8120052898,5035603612,1948609409,5881993803,7839566038,1373720336,1.380493277,17.52291299,0,http://www.gphispat.com.bd/Download/annual_reports/2017%20-%202018/Annual%20Report%202017%20-%202018.pdf
GPH Ispat Ltd. ,2016,2107531015,8186724848,4819087643,457038391,5018129829,5743608676,960168032,1.631429462,16.71715617,0,http://www.gphispat.com.bd/Download/annual_reports/2016%20-%202017/Annual%20Report%202016%20-%202017.pdf
GPH Ispat Ltd. ,2015,1758280062,4245588483,2045236997,634356633,3324274915,5988396529,901853205,1.277147225,15.06001148,0,http://www.gphispat.com.bd/Download/annual_reports/2016%20-%202017/Annual%20Report%202016%20-%202017.pdf
GPH Ispat Ltd. ,2014,1831431295,4015048082,1930967775,280105458,3635406144,4687216381,867595304,1.10442903,18.50981976,0,http://www.gphispat.com.bd/Download/annual_reports/2016%20-%202017/Annual%20Report%202016%20-%202017.pdf
Grameenphone Ltd.,2012,103660,14005,35458,19148,63060,91920,52391,0.2220900729,56.99630113,0,https://cdn01.grameenphone.com/sites/default/files/investor_relations/annual_report/Full-Report_1.pdf
Grameenphone Ltd.,2011,76484,32421,38883,18552,51469,89060,51221,0.6299131516,57.51291264,0,https://cdn01.grameenphone.com/sites/default/files/investor_relations/annual_report/Full-Report_1.pdf
Grameenphone Ltd.,2010,78700,30802,50374,16828,42300,74733,38730,0.728179669,51.8244952,0,https://cdn01.grameenphone.com/sites/default/files/investor_relations/annual_report/Full-Report_1.pdf
Grameenphone Ltd.,2009,86981,22182,50154,20056,38952,65300,32222,0.5694701171,49.34456355,0,https://cdn01.grameenphone.com/sites/default/files/investor_relations/annual_report/Full-Report_1.pdf
Grameenphone Ltd.,2008,93765,14430,27588,30375,50231,61359,28667,0.2872727997,46.72012256,0,https://cdn01.grameenphone.com/sites/default/files/investor_relations/annual_report/Full-Report_1.pdf
GQ Ball Pen Industries Ltd.,2018,982694320,654332078,1335713900,209994346,237277370,79223972,2055867,2.757667442,2.595006219,0,http://www.gq-group.com/wp-content/uploads/2018/11/Annual-Report-2017-to-2018.pdf
GQ Ball Pen Industries Ltd.,2017,961963142,763880665,1428653861,207350464,237689128,107413972,7937035,3.213780417,7.389201658,0,http://www.gq-group.com/wp-content/uploads/2018/02/ANNUAL-REPORT-2016-2017.pdf
Green Delta Insurance Ltd.,2017,133451295,820671036,366050205,225000000,363072126,150053314,134014422,2.260352633,89.31120442,1,https://green-delta.com/financial-indicators/annual-reports/
Green Delta Insurance Ltd.,2016,122261939,1617820740,341563347,284138688,1114380644,115284034,105310308,1.451766727,91.34856263,0,https://green-delta.com/financial-indicators/annual-reports/
GSP Finance Company (Bangladesh) Limited,2017,3808090,1888121835,299136306,4340455493,1633505853,282450083,75378174,1.155870872,26.68725504,0,https://gspfinance.com/assets/reports/Annual_Report_2017.pdf
GSP Finance Company (Bangladesh) Limited,2016,4699969,1739573449,284082665,2790173832,1462340017,246566606,62753698,1.189582059,25.45101262,0,https://gspfinance.com/assets/reports/Annual_Report_2016.pdf
Hakkani Pulp & Paper Mills Ltd. ,2018,862384774,408788580,521245689,294294849,455596815,282589254,3321951,0.897259521,1.175540454,0,http://hakkanigroup.com/wp-content/uploads/2018/12/Annual-Report-2017-2018.pdf
Hakkani Pulp & Paper Mills Ltd. ,2017,797624600,346704236,536662814,266369579,341296443,341138173,25414055,1.015844856,7.449783405,0,http://hakkanigroup.com/wp-content/uploads/2018/06/Annual-Report-2016-2017..pdf
Heidelberg Cement Bangladesh Ltd.,2017,3443403,5287096,4699663,706078,3324758,9801506,1956980,1.590219799,19.96611541,0,http://www.heidelbergcementbd.com/attachment/Annual_Report_2017.pdf
Heidelberg Cement Bangladesh Ltd.,2016,3531666,6656841,5591609,750294,3846604,10600466,2741572,1.730576113,25.86274981,0,http://www.heidelbergcementbd.com/attachment/Annual_Report_2016.pdf
Hamid Fabrics Limited,2018,3337070597,1869061391,3582769264,348440433,1274922291,2335482932,646207917,1.466019854,27.66913464,0,http://www.hfl.com.bd/files/Annual%20Report%202017-%2018%20of%20HFL.pdf
Hamid Fabrics Limited,2017,3454209997,1398042498,3466367994,522464801,863419700,1322686460,408865964,1.619192263,30.91178268,0,http://www.hfl.com.bd/files/Annual_Report_2016-17.pdf
Hamid Fabrics Limited,2016,3271077424,150189154,3460749290,594078697,718140978,1371915641,412875801,0.2091360312,30.09483883,0,http://www.hfl.com.bd/files/Annual_Report_2016-17.pdf
Hamid Fabrics Limited,2015,2094563747,2287938664,3431878166,208251581,742372665,1782564422,463769214,3.081927409,26.01696793,0,http://www.hfl.com.bd/files/Annual_Report_2016-17.pdf
Hamid Fabrics Limited,2014,1643447142,1847012120,2284661592,99041323,1106756347,2198620623,662189719,1.668851618,30.11841661,0,http://www.hfl.com.bd/files/Annual_Report_2016-17.pdf
H.R.Textile Ltd.,2018,742807641,881397633,388709982,195023367,1040471925,2024397221,286976479,0.847113326,14.1758977,0,http://www.pride-grp.com/hrt/Reports-2017-18/Annual-Report-2017-18.pdf
H.R.Textile Ltd.,2017,654955516,853304298,370915087,246684994,890659733,1640655729,241218521,0.9580586911,14.7025678,0,http://www.pride-grp.com/hrt/16_17/Anualreport%202016_17.pdf
Hwa Well Textiles (BD) Limited,2018,848413053,1062843970,1624723022,70431905,252825913,1257696915,174056570,4.203856944,13.83930961,0,https://drive.google.com/open?id=1EeW3ttUIu52F5Gg8r0C5FgG-48tUkSiz
Hwa Well Textiles (BD) Limited,2017,728328727,1082712977,1579447341,69551330,198535325,1210369320,167142553,5.453502932,13.80921924,0,https://drive.google.com/open?id=1EeW3ttUIu52F5Gg8r0C5FgG-48tUkSiz
Hwa Well Textiles (BD) Limited,2016,776174666,1079019650,1543355814,69117778,279397291,1269701080,175432084,3.861954589,13.81680198,0,https://drive.google.com/open?id=1EeW3ttUIu52F5Gg8r0C5FgG-48tUkSiz
Hwa Well Textiles (BD) Limited,2015,474262106,1154676414,1413879986,49686076,241215081,1337888116,185363179,4.786916345,13.85490885,0,https://drive.google.com/open?id=1EeW3ttUIu52F5Gg8r0C5FgG-48tUkSiz
Hwa Well Textiles (BD) Limited,2014,476743304,1204442031,1381669507,49386037,250129791,1936777486,267257487,4.81526821,13.79908063,0,https://drive.google.com/open?id=1EeW3ttUIu52F5Gg8r0C5FgG-48tUkSiz
Maksons Spinning Mills Limited,2017,4644899492,4257036320,4434786534,1608566125,2858583151,4074750862,707659896,1.489211996,17.3669488,0,http://www.maksonsgroup.com.bd/uploads/areport/Vkl1mUXTCI3PjsAVkggImKzFqOFINgHNGYPvGMUR.pdf
Maksons Spinning Mills Limited,2016,4533573618,3757993417,4359034163,1417345875,2515186997,2388485686,489093978,1.494120883,20.47715759,0,http://www.maksonsgroup.com.bd/uploads/areport/nityL7FyeJlgFKBgKYcUlXYr8kRVkt9mbLThP6BV.pdf
Malek Spinning Mills Ltd.,2018,8992987487,7076236375,8840616206,2053652344,5174955312,10791944561,903081132,1.367400479,8.368103884,0,https://www.newasiabd.com/contents/malek/annual/MSM%20Annual%20Report%202017-18.pdf
Malek Spinning Mills Ltd.,2017,8488202414,6970305344,8806600826,1751814859,4900092073,9774991342,918216002,1.422484566,9.393522407,0,https://www.newasiabd.com/contents/malek/annual/MS17.pdf
Marico Bangladesh Limited,2018,1288.06,2793.43,2555.38,68.47,1457.64,6333.09,1117.14,1.916405971,17.63973037,0,http://marico.com/page/DigitalReport2017-2018/pdf/Marico_AR2017-18%20Final.pdf
Marico Bangladesh Limited,2017,1243.24,2389.51,2339.02,44.53,1249.2,5935.92,1149.7,1.912832213,19.36852249,0,http://marico.com/investorspdf/Annual_Report_2017.pdf
Matin Spinning Mills Ltd.,2018,4233807915,2488439348,4253199024,562875715,1906172524,4050914298,608972110,1.305463864,15.03295467,0,http://www.matinspinning.com/images/files/upload/Matin_AR_2017_2018_Final.pdf
Matin Spinning Mills Ltd.,2017,4458142186,2618585384,4093352457,720987774,2262387340,3001195559,447346421,1.157443439,14.90560719,0,http://www.matinspinning.com/images/files/upload/MSML_AR_2017.pdf
Meghna Cement Mills Ltd.,2018,1732571871,5148848210,862433367,1452496235,4566490479,5533351168,598925411,1.127528511,10.82391832,0,http://www.meghnacement.com/reports/MCML_2018_Annual_Report_26th.pdf
Meghna Cement Mills Ltd.,2017,1053656415,3626499346,825981614,412434506,3441739640,4980924092,547654418,1.053682069,10.99503642,0,http://www.meghnacement.com/reports/MCML_2017_Annual_Report_25th.pdf
Mozaffar Hossain Spinning Mills Ltd.,2017,736456966,1135828131,1589729287,44210785,243366172,1147562431,244272541,4.667156991,21.28620931,0,http://www.simgroup-bd.com/wp-content/uploads/2015/04/Annual-Report-2017-MHSML.pdf
Mozaffar Hossain Spinning Mills Ltd.,2016,739205845,1006291727,1465913816,39622307,244943224,1061069970,251430251,4.108265216,23.69591621,0,http://www.simgroup-bd.com/wp-content/uploads/2015/04/Annual-Report-2017-MHSML.pdf
MI CEMENT Factory ltd,2017,7582097442,10138764676,7097794749,2448880657,8372771301,9439820021,1610437729,1.210921009,17.06004697,0,http://www.crowncement.com/wp-content/uploads/2017/11/MICFL_Annual_Report_2016-17.pdf
MI CEMENT Factory ltd,2016,5416696077,8609003487,6724823855,713546019,6721249003,9016548629,1659355118,1.280863644,18.40344001,0,http://www.crowncement.com/wp-content/uploads/2017/11/MICFL_Annual_Report_2016-17.pdf
Midas Investement ltd,2017,400728011,147277856,258332941,196840207,92832719,37520906,24995972,1.586486506,66.6187858,1,http://www.mfl.com.bd/financialstatement/Annual_Report_2017_MIDAS_Financing_Ltd.pdf
Midas Investement ltd,2016,418481437,78563474,267632879,187825852,41586180,13293019,8886717,1.889172653,66.85251108,1,http://www.mfl.com.bd/financialstatement/Annual_Report_2017_MIDAS_Financing_Ltd.pdf
Miracle Industres ltd,2017,1241332883,976676877,1276493000,92991498,848525262,867840164,157405213,1.151028638,18.13758104,0,http://www.miracle.com.bd/Miracle.com/pdf/Annual%20Report-2017.pdf
Miracle Industres ltd,2016,1223447446,826340394,1239915140,69733677,746139022,854790868,146216333,1.10748851,17.10550948,0,http://www.miracle.com.bd/Miracle.com/pdf/Annual%20Report-2017.pdf
MJL Bangladesh ltd,2013,6782046105,7349605594,7780349426,425305368,5925996905,7201676615,1497032340,1.240231089,20.78727524,0,http://103.249.56.23/dataserviceapi/client/DataContentV2?key=78d8c227-754a-4f35-83d5-257bc4f900d0
MJL Bangladesh ltd,2014,10207349409,7241163319,8572676719,2015957734,6859878275,8293870947,2180578031,1.055581896,26.29143912,0,http://103.249.56.23/dataserviceapi/client/DataContentV2?key=78d8c227-754a-4f35-83d5-257bc4f900d0
MJL Bangladesh ltd,2016,13109501730,7101553280,9737425975,2019776895,8453852140,14285928787,4193212872,0.8400375548,29.35204938,0,http://103.249.56.23/dataserviceapi/client/DataContentV2?key=78d8c227-754a-4f35-83d5-257bc4f900d1
MJL Bangladesh ltd,2017,16564808658,8723548366,11150169523,1757967513,12380219988,13978990238,4557706469,0.7046359737,32.6039749,0,http://103.249.56.23/dataserviceapi/client/DataContentV2?key=78d8c227-754a-4f35-83d5-257bc4f900d2
MJL Bangladesh ltd,2018,20505596758,9578251076,12431407469,3968720129,13683720236,17516144850,4594133608,0.6999741964,26.22799507,0,http://103.249.56.23/dataserviceapi/client/DataContentV2?key=78d8c227-754a-4f35-83d5-257bc4f900d3
ML Dyeing Ltd,2018,2117710255,1685621691,3803331946,125011014,159855014,2371524945,241017600,10.54469077,10.16297975,0,https://docs.google.com/viewerng/viewer?url=http://www.mldyeing.com/report/mlar2018.pdf
ML Dyeing Ltd,2017,2109992566,1516837529,3626830095,188095275,179255158,2295718352,268343131,8.461890558,11.68885246,0,https://docs.google.com/viewerng/viewer?url=http://www.mldyeing.com/report/mlar2018.pdf
Monno Ceramic ltd,2017,2355196220,852835853,2256803129,191264041,759964902,859492844,159283191,1.122204263,18.53223004,0,https://monno-group.com/wp-content/uploads/2018/01/MCIL-Annual-Report-2016-2017.pdf
Monno Ceramic ltd,2016,2326942874,887939747,2266050250,240019974,708812397,819055956,151509484,1.252714753,18.49806266,0,https://monno-group.com/wp-content/uploads/2018/01/MCIL-Annual-Report-2016-2017.pdf
Monno jute stafllers ltd,2017,3888996,74129505,20899569,,57118932,57673279,9717948,1.297809717,16.85000085,0,https://monno-group.com/wp-content/uploads/2018/01/MJSL-Annual-Report-2016-2017.pdf
Monno jute stafllers ltd,2016,4533128,36726280,20670489,,20588919,31798340,5095563,1.783788649,16.02461952,0,https://monno-group.com/wp-content/uploads/2018/01/MJSL-Annual-Report-2016-2017.pdf
Nahee Aluminum ltd,2018,456297818,582457086,780450583,25855172,232449149,749155485,262013316,2.505739808,34.97449078,0,https://drive.google.com/file/d/1sBU1YV8bgMFHLfqnM_QdFJpvSp5xesq8/view
Nahee Aluminum ltd,2017,384498422,415808044,506333661,56438489,237534316,525890785,181919338,1.750517782,34.59260805,0,https://drive.google.com/file/d/1sBU1YV8bgMFHLfqnM_QdFJpvSp5xesq8/view
National Bank ltd,2017,967398,5279003,2750811,89553,3406037,2947176,-282891,1.549895964,-9.598714159,0,https://www.nblbd.com/assests/financial/annual/NBL_Annual_Report_2017.pdf
National Bank ltd,2016,1086093,6071218,3840782,142814,3173715,4343260,621571,1.912968871,14.31116258,0,https://www.nblbd.com/assests/financial/annual/NBL_Annual_Report_2017.pdf
National feed mill ltd,2018,359257481,1276533767,1064796444,170677494,400317311,1197947998,141876252,3.18880481,11.84327302,0,https://docs.wixstatic.com/ugd/0a4b01_d0d07bdee84248069b54277db8f791bf.pdf
National feed mill ltd,2017,375423950,1245234055,1019485976,19371592,581800437,1501338757,194422883,2.140311309,12.94996763,0,https://docs.wixstatic.com/ugd/0a4b01_d0d07bdee84248069b54277db8f791bf.pdf
Northern jute Manufacturing ltd,2018,409174595,275269772,122177784,134866215,427400367,567889918,68385253,0.6440560029,12.04199103,0,http://www.northernjute.com/annual_reports/Annual_Report_2017_18.pdf
Northern jute Manufacturing ltd,2017,367520438,221610355,162489392,154498494,272142907,438855516,90536472,0.8143161159,20.63013195,0,http://www.northernjute.com/annual_reports/Annual_Report_2017_18.pdf
National tea company ltd,2018,1874226876,340453174,1011549373,614634113,588496564,1143639593,348240823,0.578513444,30.45022445,0,file:///home/mamdudurrahman/Downloads/Annual%20Report%202017-18.pdf
National tea company ltd,2017,1730819005,402132216,943712249,596373701,592865271,985669974,297008868,0.6782860047,30.13268902,0,file:///home/mamdudurrahman/Downloads/Annual%20Report%202017-18.pdf
National Polymer Industries ltd,2018,1435347205,1832529413,1062094915,401487510,1919205568,2366380577,387459951,0.9548374825,16.37352651,0,http://www.nationalpolymer.net/upload-files/Annual%20Report_2017-2018.pdf
National Polymer Industries ltd,2017,1033564673,1597946088,1030197514,123031377,1611959788,1866687057,307293861,0.9913064209,16.4619913,0,http://www.nationalpolymer.net/upload-files/Annual%20Report_2017-2018.pdf
Nurani Dyeing & Sweater Ltd.,2017,663170656,1298432533,1058800444,277235170,625567575,1109771276,221164554,2.075607152,19.92884108,0,https://www.ndsl-bd.com/wp-content/uploads/2018/01/Annual-Report-2016-17.pdf
Nurani Dyeing & Sweater Ltd.,2016,672179679,1049577695,574885457,419752924,727118993,1305518289,257984648,1.443474459,19.7610903,0,https://www.ndsl-bd.com/wp-content/uploads/2018/01/Annual-Report-2016-17.pdf
Nurani Dyeing & Sweater Ltd.,2015,521835322,976169336,203474345,496466256,798064057,981542135,193239272,1.223171658,19.68731296,0,https://www.ndsl-bd.com/wp-content/uploads/2018/01/Annual-Report-2016-17.pdf
Nurani Dyeing & Sweater Ltd.,2014,438113395,1013515496,146551834,679491000,625586056,944205482,183740011,1.620105637,19.45974838,0,https://www.ndsl-bd.com/wp-content/uploads/2018/01/Annual-Report-2016-17.pdf
Nurani Dyeing & Sweater Ltd.,2013,242715084,1083567399,95300444,202768565,1028213474,623260010,89390833,1.053835051,14.34246247,0,https://www.ndsl-bd.com/wp-content/uploads/2018/01/Annual-Report-2016-17.pdf
Olympic Accessories ltd ,2018,1362456466,1132083667,2387381897,49616425,57541811,1356740777,234990926,19.67410562,17.32025233,0,http://olympicaccessoriesbd.com/assets/ckeditor/kcfinder/upload/files/Annual%20Report%202017-2018.pdf
Olympic Accessories ltd ,2017,1173143743,1183083519,2267285708,43408189,45533365,1465328349,308653103,25.98278249,21.0637502,0,http://olympicaccessoriesbd.com/assets/ckeditor/kcfinder/upload/files/Annual%20Report%202017-2018.pdf
Olympic Accessories ltd ,2016,1072256718,1111505634,2089138262,40918393,41539314,1513067787,327194139,26.75791983,21.62455257,0,http://olympicaccessoriesbd.com/assets/ckeditor/kcfinder/upload/files/Annual%20Report%202017-2018.pdf
Olympic Accessories ltd ,2015,974463201,1284166178,1953847038,41255153,44552965,1467513277,318255076,28.82336065,21.68669142,0,http://olympicaccessoriesbd.com/assets/ckeditor/kcfinder/upload/files/Annual%20Report%202017-2018.pdf
Olympic Accessories ltd ,2014,881461240,853324198,1583469312,35757906,35933665,1403179268,305763062,23.74720747,21.79073401,0,http://olympicaccessoriesbd.com/assets/ckeditor/kcfinder/upload/files/Annual%20Report%202017-2018.pdf
Olympic Industries ltd,2017,2363826358,6756491439,5412851086,298823900,3408642811,11290557541,3767442394,1.982164695,33.36808107,0,http://olympicbd.com/wp-content/uploads/2017/11/Annual-Report-2017-Final-Online-ver..pdf
Olympic Industries ltd,2016,1963251175,5677517033,4531272360,249778869,2859716979,10965042877,3690754161,1.985342282,33.65927705,0,http://olympicbd.com/wp-content/uploads/2017/11/Annual-Report-2017-Final-Online-ver..pdf
OIMEX ELECTRODE LIMITED,2017,360427339,393224987,523856267,82846260,146949799,440297050,130504187,2.675913745,29.64003211,0,http://www.oimexelectrodes.com/media/uploads/Annual-Report-2017.pdf
OIMEX ELECTRODE LIMITED,2016,314197783,352009280,459275992,62116865,144814205,410164512,121616363,2.430764855,29.65063028,0,http://www.oimexelectrodes.com/media/uploads/Annual-Report-2017.pdf
LANKABANGLA finance LIMITED,2017,2314146116,8478161999,4639601049,1145014616,5007692450,2269617167,1726135654,1.693027694,76.05404467,1,https://www.lankabangla.com/wp-content/uploads/2018/03/LankaBangla-Annual-Integrated-Report-2017.pdf
LANKABANGLA finance LIMITED,2016,1922731139,8056625032,4086766551,996967530,4895622090,1342533220,760073824,1.645679524,56.61489881,1,https://www.lankabangla.com/wp-content/uploads/2018/03/LankaBangla-Annual-Integrated-Report-2017.pdf
Lafargeholcim bd ltd,2017,11499747,8923293,15273703,2006.41,3981531,10819131,2598875,2.241171298,24.02110669,0,https://www.lafargeholcim.com.bd/sites/bangladesh/files/atoms/files/financeannual_report_2017_.pdf
Lafargeholcim bd ltd,2016,11776095,8238217,15372438,1953.08,3236475,10728855,3814233,2.5454289,35.55116553,1,https://www.lafargeholcim.com.bd/sites/bangladesh/files/atoms/files/financeannual_report_2017_.pdf
Lafargeholcim bd ltd,2015,11837497,7854708,14361499,1653.89,3938543,10967952,3919201,1.994318203,35.73320707,1,https://www.lafargeholcim.com.bd/sites/bangladesh/files/atoms/files/financeannual_report_2017_.pdf
Lafargeholcim bd ltd,2014,12409080,6320457,13255639,1353.65,4382835,11583029,4466871,1.442093303,38.56392831,0,https://www.lafargeholcim.com.bd/sites/bangladesh/files/atoms/files/financeannual_report_2017_.pdf
Lafargeholcim bd ltd,2013,12763354,5190219,11044543,1673.78,6100280,11330374,4703338,0.8508165199,41.5108804,0,https://www.lafargeholcim.com.bd/sites/bangladesh/files/atoms/files/financeannual_report_2017_.pdf
Pharma Aids ,2018,86279127,173371235,189727199,2600000,67323163,234992724,90972028,2.575209293,38.71269989,1,http://pharmaaids.com/wp-content/uploads/2018/12/annualreport2017-2018.pdf
Pharma Aids ,2017,662122777,155989102,154531895,3800000,63863483,180236917,67017397,2.442539847,37.18294682,1,http://pharmaaids.com/wp-content/uploads/2018/12/annualreport2017-2018.pdf
Power Grid Company of Bangladesh Ltd. ,2018,178389640079,21744385951,49833796288,139475523151,10824706591,15590059498,6416701920,2.008773704,41.15893157,1,https://www.pgcb.org.bd/PGCB/upload/Reports/Annual%20Report%20(Including%20Directors%20Report)%202017-2018.pdf
Power Grid Company of Bangladesh Ltd. ,2017,138751674676,19311446477,41384077320,109725901035,6953142799,14368358412,6334013860,2.777369462,44.08307253,1,https://www.pgcb.org.bd/PGCB/upload/Reports/Annual%20Report%20(Including%20Directors%20Report)%202017-2018.pdf
Premier Cement Mills Limited,2018mil,6902.84,666433,4547.84,632.95,8373.28,10049.86,1516.88,79.59043529,15.09354359,0,http://www.premiercement.com/share/yearly/accounts_year_2017_2018.pdf
Premier Cement Mills Limited,2017,5385.71,5071.1,4317.69,903.38,5223.77,9280.42,1575.14,0.9707739812,16.97272322,0,http://www.premiercement.com/share/yearly/accounts_year_2017_2018.pdf
Premier Cement Mills Limited,2016,7095.39,5378.03,4292.34,1779.37,6095.4,10332.89,1698.29,0.8823096105,16.43576966,0,http://www.premiercement.com/share/yearly/accounts_year_2017_2018.pdf
Premier Cement Mills Limited,2015,6385.54,4458.19,3905.27,2454.68,4194.22,9361.93,1988.21,1.062936613,21.23718079,0,http://www.premiercement.com/share/yearly/accounts_year_2017_2018.pdf
Premier Cement Mills Limited,2014,5929.81,4159.51,3106.91,2098.64,4802.83,8098.7,1238.93,0.8660539723,15.29788732,0,http://www.premiercement.com/share/yearly/accounts_year_2017_2018.pdf
Premier Cement Mills Limited,2013,5945.05,3858.36,3018.35,1666.98,5041.16,7539.57,1295.93,0.7653714621,17.18838077,0,http://www.premiercement.com/share/yearly/accounts_year_2017_2018.pdf
Prime Textile Spinning Mills Limited ,2018,2260860697,1627720081,1860996332,417552161,1610032285,1731498010,250235630,1.010985988,14.45197329,0,https://drive.google.com/file/d/1t2xpgpClFX6s8vq5QvvO1tj95ERduWX9/view
Prime Textile Spinning Mills Limited ,2017,2341068941,1205212816,1851922305,470233649,1224125803,1701985231,245079936,0.9845498012,14.39965116,0,https://drive.google.com/file/d/1t2xpgpClFX6s8vq5QvvO1tj95ERduWX9/view
Paramount Textile Limited ,2018,4416973115,2931904117,2681784622,1974122762,2689081070,4119598959,692537492,1.090299638,16.81079879,0,http://www.paramountgroupbd.com/txts/PTL_Annual_Report_2018.pdf
Paramount Textile Limited ,2017,2402177940,2454092977,2469148866,507042389,1876717193,3351654004,563692561,1.307651993,16.81833985,0,http://www.paramountgroupbd.com/txts/PTL_Annual_Report_2018.pdf
Paramount Textile Limited ,2016,1927477078,2891823968,2348705959,242497839,2221778944,3018249952,531028724,1.301580419,17.59392802,0,http://www.paramountgroupbd.com/txts/PTL_Annual_Report_2018.pdf
Paramount Textile Limited ,2015,1905388722,2195207780,2324504601,44162076,1724802408,2935282617,582727472,1.272730007,19.85251671,0,http://www.paramountgroupbd.com/txts/PTL_Annual_Report_2018.pdf
Paramount Textile Limited ,2014,1557932947,2073701953,2131641762,95697959,1394486384,2893056085,608849104,1.487072213,21.04518841,0,http://www.paramountgroupbd.com/txts/PTL_Annual_Report_2018.pdf
Queen South Textile Mills Limited ,2018,748831082,2753771012,1775195260,490720219,1236686615,3871439935,410674027,2.226733094,10.60778506,0,http://www.qstmills.com/file/Financial%20Statement%2030%20June%202018.pdf
Queen South Textile Mills Limited ,2017,700314214,2313004252,1463101279,480169603,1070047544,3637391178,362632419,2.161590169,9.96957438,0,http://www.qstmills.com/file/Financial%20Statement%2030%20June%202018.pdf
Rahim Textile Mills Ltd.,2018 thous,585557,1006324,319828,293565,978488,995951,157205,1.028447973,15.78441108,0,https://www.newasiabd.com/contents/rahim/annual/RTM%20Annual%20Report%202017-18.pdf
Rahim Textile Mills Ltd.,2017,549749,570205,279244,193938,646772,717463,118454,0.8816167057,16.51011969,0,https://www.newasiabd.com/contents/rahim/annual/RTM%20Annual%20Report%202017-18.pdf
Rahim Textile Mills Ltd.,2016,444607,210906,234285,,365522,630290,108568,0.5769994693,17.22508686,0,https://www.newasiabd.com/contents/rahim/annual/RTM%20Annual%20Report%202017-18.pdf
Rahim Textile Mills Ltd.,2015,448491,175853,190954,,327935,598622,92310,0.5362434629,15.42041555,0,https://www.newasiabd.com/contents/rahim/annual/RTM%20Annual%20Report%202017-18.pdf
Rahim Textile Mills Ltd.,2014,485851,224802,167390,,416828,575293,70211,0.5393159769,12.20438976,0,https://www.newasiabd.com/contents/rahim/annual/RTM%20Annual%20Report%202017-18.pdf
Rangpur Foundry Ltd. ,2018,60281060,442603987,253175254,481471,249228322,1241669839,253782112,1.775897633,20.43877559,0,http://www.rangpurfoundry.com/annual_report/annual_report_2017_18.pdf
Rangpur Foundry Ltd. ,2017,73706446,360541908,237223602,657624,226367128,1153659512,236336107,1.592730849,20.48577631,0,http://www.rangpurfoundry.com/annual_report/annual_report_2017_18.pdf
Rangpur Dairy & Food Products Ltd.,2016,676993123,354923629,957064387,10957544,82045957,117945565,26856780,4.325912476,22.77048739,0,http://rdmilk.org/contents/images/pdf/Annual%20Report-2016-2017.pdf
Rangpur Dairy & Food Products Ltd.,2015,674500976,337778107,947236633,9967247,73226339,105734879,26011017,4.612795227,24.60022392,0,http://rdmilk.org/contents/images/pdf/Annual%20Report-2016-2017.pdf
Reckitt Benckiser(Bd.)Ltd.,2017 euro.m,31589,5406,13573,16864,6576,11512,6870,0.822080292,59.67685893,0,http://annualreport2017.rb.com/assets/documents/RB_AR17.pdf
Reckitt Benckiser(Bd.)Ltd.,2016,14569,3450,8426,4192,5401,9480,5801,0.638770598,61.19198312,0,http://annualreport2017.rb.com/assets/documents/RB_AR17.pdf
Regent Textile Mills Limited,2018,3146034181,3492111737,3545810677,895297473,2197037768,1215257968,241327952,1.589463681,19.85816661,0,http://www.regenttex.com/document/20181212-233308.pdf
Regent Textile Mills Limited,2017,2222538689,3211296858,3478466042,855634904,1099734601,1058204192,217625948,2.920065309,20.56559118,0,http://www.regenttex.com/document/20181212-233308.pdf
R.N. Spinning Mills Limited ,2018,10889776312,9921903173,15127164369,1209208777,4475306339,18603708906,9346469778,2.217033298,50.23981952,1,https://renata-ltd.com/wp-content/uploads/2018/11/Annual-Report-2017-18.pdf
R.N. Spinning Mills Limited ,2017,10388162518,7736183424,12474535704,1233238501,4416571737,16043431021,8102926325,1.751626348,50.50619356,1,https://renata-ltd.com/wp-content/uploads/2018/11/Annual-Report-2017-18.pdf
Ratanpur Steel Re-Rolling Mills Limited,2018,2039415801,4696332948,4527478325,142217153,2066053271,7659678631,1276991453,2.273093833,16.67160614,0,http://rsrmbd.com/wp-content/uploads/2018/10/RSRM%20-%20Annaul%20Report-2017-2018.pdf
Ratanpur Steel Re-Rolling Mills Limited,2017,2102641069,3759680971,3857261553,140875994,1864184494,7488695752,1257365287,2.016796612,16.7901772,0,http://rsrmbd.com/wp-content/uploads/2018/10/RSRM%20-%20Annaul%20Report-2017-2018.pdf
SAIF Powertec Limited,2018,6580875812,4702693294,5074415680,1826733241,4382420185,4238879267,1926407357,1.073081333,45.44614828,0,http://www.saifpowertecltd.com/annualreport2018.pdf
SAIF Powertec Limited,2017,5793634929,4677935993,4470208218,1203352975,3734873395,3008061300,1437042403,1.252501892,47.77304249,0,http://www.saifpowertecltd.com/annualreport2018.pdf
Saiham Cotton Mills Limited,2018BDT.M,3126,3195,3368,469,2483,2929,304,1.286749899,10.37896893,0,http://www.saihamcotton.com/annual-reports/Annual%20Report%20of%202017-2018.pdf
Saiham Cotton Mills Limited,2017,3414,2368,3395,557,1830,2989,284,1.293989071,9.50150552,0,http://www.saihamcotton.com/annual-reports/Annual%20Report%20of%202017-2018.pdf
Saiham Cotton Mills Limited,2016,3472,1929,3373,607,1449,2486,225,1.33126294,9.050683829,0,http://www.saihamcotton.com/annual-reports/Annual%20Report%20of%202017-2018.pdf
Saiham Cotton Mills Limited,2015,3397,1822,3369,663,1187,2726,288,1.534962089,10.5649303,0,http://www.saihamcotton.com/annual-reports/Annual%20Report%20of%202017-2018.pdf
Saiham Cotton Mills Limited,2014,3326,1724,3268,137,1643,1880,294,1.049300061,15.63829787,0,http://www.saihamcotton.com/annual-reports/Annual%20Report%20of%202017-2018.pdf
Saiham Textile Mills Ltd.,2018cr,193.22,303.25,244.34,25.31,226.82,217.81,26.17,1.336963231,12.015059,0,http://www.saihamtextile.com/files/annual%20report/Annual%20Report%20of%20Textile-2018.pdf
Saiham Textile Mills Ltd.,2017,187.94,246.87,243.95,16.59,174.27,152.96,23.16,1.416594939,15.14121339,0,http://www.saihamtextile.com/files/annual%20report/Annual%20Report%20of%20Textile-2018.pdf
Saiham Textile Mills Ltd.,2016,192.95,210.94,238.65,31.22,134.02,163.98,19.69,1.573944187,12.0075619,0,http://www.saihamtextile.com/files/annual%20report/Annual%20Report%20of%20Textile-2018.pdf
Saiham Textile Mills Ltd.,2015,202.6,242.21,230.52,54.18,157.78,174.74,16.46,1.535112182,9.419709282,0,http://www.saihamtextile.com/files/annual%20report/Annual%20Report%20of%20Textile-2018.pdf
Saiham Textile Mills Ltd.,2014,212.26,223.24,243.95,68.54,123,158.44,27.26,1.81495935,17.2052512,0,http://www.saihamtextile.com/files/annual%20report/Annual%20Report%20of%20Textile-2018.pdf
S. Alam Cold Rolled Steels Ltd.,2016,4138937292,7775589238,1912214610,1894274819,7974337975,2836000112,306490432,0.9750764593,10.80713751,0,http://www.s.alamgroupbd.com/RightShare/ColdRolled/Annual%20Report%202016.pdf
S. Alam Cold Rolled Steels Ltd.,2015,4064560627,8144216827,1953997714,1949098371,8170586710,3283819253,399598418,0.9967725839,12.16870927,0,http://www.s.alamgroupbd.com/RightShare/ColdRolled/Annual%20Report%202016.pdf
Salvo Chemical Industry Limited,2017,553662827,166000568,702314198,49836781,227824244,260844209,119342918,0.7286343415,45.75256566,0,http://www.salvochemical.com/wp-content/uploads/2017/12/Annual-Report-2016-17.pdf
Salvo Chemical Industry Limited,2016,549311615,148898636,655537987,25841345,165757975,267093823,107479624,0.8982894247,40.24040047,0,http://www.salvochemical.com/wp-content/uploads/2017/12/Annual-Report-2016-17.pdf
Samorita Hospital Limited ,2018,880882622,137759527,933939163,38369589,46333397,370198077,210134493,2.973223116,56.76271868,1,https://drive.google.com/open?id=1ev8A_T6xd0ME2Ywb5MbgHTN7UpQmdsVa
Samorita Hospital Limited ,2017,879996675,133808194,854655865,108465598,50683406,376635600,219785378,2.640078964,58.35491334,1,https://drive.google.com/open?id=1ev8A_T6xd0ME2Ywb5MbgHTN7UpQmdsVa
Summit Alliance Port Limited,2018,8646140906,934608416,5514890359,2451709420,1614149543,1386994792,721508187,0.5790098074,52.01953109,0,https://drive.google.com/file/d/1L_M8VDOUEqPI48UcrFXCwYXPtUdWVCMU/view
Summit Alliance Port Limited,2017,8615584941,505745938,5590432934,2249382264,1281515683,1311912322,595684058,0.3946467021,45.40578269,0,https://drive.google.com/file/d/1L_M8VDOUEqPI48UcrFXCwYXPtUdWVCMU/view
Shasha Denims Limited,2018,4963415632,7113765780,5940471302,789523031,5333943550,7511254092,1239437958,1.33367849,16.50107882,0,https://shashadenims.com/investors/documents/annual-reports/annual-report-2018
Shasha Denims Limited,2017,4708191058,6171205479,5527006897,957069353,4383383732,6256605210,1207831413,1.40786339,19.30490054,0,https://shashadenims.com/investors/documents/annual-reports/annual-report-2018
Shasha Denims Limited,2016,4545834747,5155228760,5246989476,1060331950,3383376467,5635000000,1095000000,1.523693509,19.43212067,0,https://shashadenims.com/investors/documents/annual-reports/annual-report-2018
Shepherd Industries Limited,2017,1526266925,3039003195,2277761951,132726294,2154781875,2578968478,315409707,1.410353053,12.2300722,0,http://www.shepherdbd.com/Annual%20Report-2017.pdf
Shepherd Industries Limited,2016,1384811864,2471463873,1948472212,123185570,1784617955,2642633411,306220364,1.384870003,11.58769744,0,http://www.shepherdbd.com/Annual%20Report-2017.pdf
Shinepukur Ceramics Limited,2018 BDT.M,5451.431,1012.706,4215.246,578.613,1670.278,1528.643,346.286,0.6063098478,22.65316362,0,http://www.shinepukur.com/annual_report/ShinepukurCeramics-AR2017-18.pdf
Shinepukur Ceramics Limited,2017,5550.313,920.773,4169.05,672.156,1629.88,1437.866,326.026,0.5649330012,22.67429649,0,http://www.shinepukur.com/annual_report/ShinepukurCeramics-AR2017-18.pdf
Shinepukur Ceramics Limited,2016,5595.37,889.047,4128.856,776.314,1579.247,2053.499,453.345,0.5629562697,22.07670907,0,http://www.shinepukur.com/annual_report/ShinepukurCeramics-AR2017-18.pdf
Shinepukur Ceramics Limited,2015,5712.745,971.05,4254.431,925.453,1503.911,1411.871,339.39,0.6456831555,24.03831512,0,http://www.shinepukur.com/annual_report/ShinepukurCeramics-AR2017-18.pdf
Shinepukur Ceramics Limited,2014,5644.821,1044.626,4264.595,627.018,1797.834,1677.657,424.214,0.581046971,25.28609841,0,http://www.shinepukur.com/annual_report/ShinepukurCeramics-AR2017-18.pdf
Shinepukur Ceramics Limited,2013,5163.869,1710.386,4487.867,629.398,1756.99,1692.444,451.34,0.9734750909,26.66794293,0,http://www.shinepukur.com/annual_report/ShinepukurCeramics-AR2017-18.pdf
Shinepukur Ceramics Limited,2012,5323.6,1796.413,4544.462,803.484,1772.067,1927.704,674.037,1.013738758,34.9657935,0,http://www.shinepukur.com/annual_report/ShinepukurCeramics-AR2017-18.pdf
Shahjibazar Power Co. Ltd.,2018,6231228910,3737839884,5306414146,192115541,4190885084,7384769136,1552222209,0.8918974892,21.01923812,0,https://drive.google.com/open?id=1vWL1jI7pzHlCfFveNp-Q-XC2ClmpdBgj
Shahjibazar Power Co. Ltd.,2017,6647548177,2795563575,4871963609,388672715,3924134964,8642556150,1753235189,0.7124025042,20.2860723,0,https://drive.google.com/open?id=1vWL1jI7pzHlCfFveNp-Q-XC2ClmpdBgj
Shahjibazar Power Co. Ltd.,2016,6427200483,3883982475,4396980445,743784661,4960592895,7994314012,1501418370,0.7829673906,18.78107825,0,https://drive.google.com/open?id=1vWL1jI7pzHlCfFveNp-Q-XC2ClmpdBgj
Shahjibazar Power Co. Ltd.,2015,6666085325,3840511387,4064363206,1359785767,4908327823,9182109019,1654387790,0.7824480201,18.01751413,0,https://drive.google.com/open?id=1vWL1jI7pzHlCfFveNp-Q-XC2ClmpdBgj
Shahjibazar Power Co. Ltd.,2014,6836447741,4275808552,3214152921,2609313244,5286889808,5055725129,1154012136,0.8087568887,22.82584805,0,https://drive.google.com/open?id=1vWL1jI7pzHlCfFveNp-Q-XC2ClmpdBgj
Standard Ceramic Industries Ltd,2018,119994568,99028019,96661705,11606914,110753968,294970264,66832835,0.89412615,22.65748218,0,http://www.standardceramic.net/admins/uploads/Annual%20Report%202017-18.pdf
Standard Ceramic Industries Ltd,2017,111902469,84414699,87267655,10454190,98595323,263367777,40394573,0.8561734617,15.33770511,0,http://www.standardceramic.net/admins/uploads/Annual%20Report%202017-18.pdf
Stylecraft Limited,2018,704415332,600775890,314752824,198815414,791622984,3256769223,193072332,0.758916684,5.928339369,0,http://stylecraftltd.com/pdf/Annual%20Report-%202018.pdf
Stylecraft Limited,2017,615738190,540833312,279424438,116845080,760301984,3090336551,168837495,0.7113401298,5.463401549,0,http://stylecraftltd.com/pdf/Annual%20Report-%202018.pdf
Summit Power Limited,2018,49164397645,15181227384,36899541864,6429873396,21016209769,18467638287,5404659434,0.7223580061,29.26556905,0,https://summitpowerinternational.com/sites/default/files/pdf/AR_SPL_2017-18.pdf
Summit Power Limited,2017,30434534513,12375834592,33076745070,6895476856,2838147179,16213948333,4364811613,4.360533056,26.92010313,0,https://summitpowerinternational.com/sites/default/files/pdf/AR_SPL_2017-18.pdf
Summit Power Limited,2016,29662269408,8862922674,28435454804,139706879,9950030399,8800057604,3781513468,0.890743276,42.97146267,0,https://summitpowerinternational.com/sites/default/files/pdf/AR_SPL_2017-18.pdf
United Commercial Bank Ltd.,2017,529550262,3440490403,2269520658,0,1700520007,416474444,301096419,2.023199015,72.29649342,1,https://www.ucb.com.bd/reports/shareholder-reports/annual-report/Annual-report-2017.pdf
United Commercial Bank Ltd.,2016,525224231,1899324251,2047554575,0,376993907,84815746,48253790,5.038076785,56.89249022,1,https://www.ucb.com.bd/reports/shareholder-reports/annual-report/Annual-report-2017.pdf
Unique Hotel & Resorts Limited ,2018,22751562317,9407342107,26147514216,2110573761,3900816447,2036049611,1544848383,2.411634137,75.8747908,1,http://www.uhrlbd.com/Upload/Document/UHRL%20Annual%20Report-2017-18.pdf
Unique Hotel & Resorts Limited ,2017,21993282955,10162433192,26148376352,1749753865,4257585930,1677431005,1269682782,2.386900314,75.69210168,1,http://www.uhrlbd.com/Upload/Document/UHRL%20Annual%20Report-2017-18.pdf
United Power Generation & Distribution Company Ltd.,2018,8550236159,7874953198,16290781738,700000,133707619,6144608026,4218717936,58.89681723,68.65723441,1,http://www.unitedpowerbd.com/wp-content/uploads/2018/10/Annual-Report-2017-18-UPGDCL.pdf
United Power Generation & Distribution Company Ltd.,2017,8641515573,6451789252,14960921466,700000,131683359,5759239628,4031951209,48.99471961,70.00839467,1,http://www.unitedpowerbd.com/wp-content/uploads/2018/10/Annual-Report-2017-18-UPGDCL.pdf
Usmania Glass Sheet Factory Limited,2018,2334035496,297683768,1875636765,656583412,99499087,208056101,-7064231,2.991824116,-3.395349123,0,http://www.ugsflbd.com/doc/Usmania-compressed.pdf
Usmania Glass Sheet Factory Limited,2017,241368428,345288480,143778813,362238785,80639310,180765514,-64813517,4.281887829,-35.85502321,0,http://www.ugsflbd.com/doc/Usmania-compressed.pdf
Titas Gas Transmission & Dist. Co. Ltd. ,2018,72705326442,77370445556,66559776264,19465654915,64050340819,142160635355,5030247010,1.207963058,3.538424682,0,https://www.titasgas.org.bd/temp/source/AR201718.pdf
Titas Gas Transmission & Dist. Co. Ltd. ,2017,65220934223,75433983044,64979648955,15445655978,60229612334,125705663110,7258352749,1.252440122,5.774085725,0,https://www.titasgas.org.bd/temp/source/AR201718.pdf
Tosrifa Industries Limited,2018,2839617163,770767811,2124722271,692704727,792957976,1251310829,241250142,0.9720159634,19.27979335,0,http://www.til.com.bd/uploads/investors/invesotrs_1_1545201843.pdf
Tosrifa Industries Limited,2017,2256047638,699369310,2107968680,278529515,568918753,1206899302,226960657,1.229295583,18.80526873,0,http://www.til.com.bd/uploads/investors/invesotrs_1_1545201843.pdf
Wata Chemicals Limited,2016,621860160,308687875,843970064,183779356,175301843,470476056,143258030,1.760893495,30.44958998,0,http://watachemical.com/wp-content/uploads/2016/12/Annual-Report-2015-2016.pdf
Wata Chemicals Limited,2015,629104774,290517567,692811066,46310190,314308013,289915411,96487354,0.9243084967,33.28120905,0,http://watachemical.com/wp-content/uploads/2016/12/Annual-Report-2015-2016.pdf
Western Marine Shipyard Limited,2018,9352312555,8416062532,5490131964,10886322678,1391920445,3024284044,1112710989,6.046367493,36.79254239,1,http://www.wms.com.bd/wp-content/uploads/2018/10/wmshl-annual-report-2017-2018-for-website.pdf
Western Marine Shipyard Limited,2017,8196621829,8050834051,5083527050,7687298054,3476630776,2978544328,982751460,2.315700047,32.99435401,0,http://www.wms.com.bd/wp-content/uploads/2018/10/wmshl-annual-report-2017-2018-for-website.pdf
Yeakin Polymer Limited,2018,746809795,385896471,853891773,62681297,216133194,183619342,40229452,1.785456754,21.90915813,0,http://yeakinpolymerbd.com/wp-content/uploads/2016/12/Annual-Report-2018.pdf
Yeakin Polymer Limited,2017,625700220,466298171,844016726,47571484,200410181,324472755,77692954,2.326718975,23.94436907,0,http://yeakinpolymerbd.com/wp-content/uploads/2016/12/Annual-Report-2018.pdf
Zahintex Industries Limited,2018,1508951153,2302308953,2038451004,967647974,805161130,801730247,194517346,2.859438772,24.26219377,0,http://zahintex.com/wp-content/uploads/2018/12/Annual-Report-2018.pdf
Zahintex Industries Limited,2017,1433894274,1985719333,1989657697,789081834,640874076,1216837944,254744190,3.098454763,20.9349315,0,http://zahintex.com/wp-content/uploads/2018/12/Annual-Report-2018.pdf
Pharma Aids ,2018,86279127,173371235,189727199,2600000,67323163,234992724,90972028,2.575209293,38.71269989,1,http://pharmaaids.com/wp-content/uploads/2018/12/annualreport2017-2018.pdf
Pharma Aids ,2017,662122777,155989102,154531895,3800000,63863483,180236917,67017397,2.442539847,37.18294682,1,http://pharmaaids.com/wp-content/uploads/2018/12/annualreport2017-2018.pdf
Power Grid Company of Bangladesh Ltd. ,2018,178389640079,21744385951,49833796288,139475523151,10824706591,15590059498,6416701920,2.008773704,41.15893157,1,https://www.pgcb.org.bd/PGCB/upload/Reports/Annual%20Report%20(Including%20Directors%20Report)%202017-2018.pdf
Power Grid Company of Bangladesh Ltd. ,2017,138751674676,19311446477,41384077320,109725901035,6953142799,14368358412,6334013860,2.777369462,44.08307253,1,https://www.pgcb.org.bd/PGCB/upload/Reports/Annual%20Report%20(Including%20Directors%20Report)%202017-2018.pdf
Premier Cement Mills Limited,2018mil,6902.84,666433,4547.84,632.95,8373.28,10049.86,1516.88,79.59043529,15.09354359,0,http://www.premiercement.com/share/yearly/accounts_year_2017_2018.pdf
Premier Cement Mills Limited,2017,5385.71,5071.1,4317.69,903.38,5223.77,9280.42,1575.14,0.9707739812,16.97272322,0,http://www.premiercement.com/share/yearly/accounts_year_2017_2018.pdf
Premier Cement Mills Limited,2016,7095.39,5378.03,4292.34,1779.37,6095.4,10332.89,1698.29,0.8823096105,16.43576966,0,http://www.premiercement.com/share/yearly/accounts_year_2017_2018.pdf
Premier Cement Mills Limited,2015,6385.54,4458.19,3905.27,2454.68,4194.22,9361.93,1988.21,1.062936613,21.23718079,0,http://www.premiercement.com/share/yearly/accounts_year_2017_2018.pdf
Premier Cement Mills Limited,2014,5929.81,4159.51,3106.91,2098.64,4802.83,8098.7,1238.93,0.8660539723,15.29788732,0,http://www.premiercement.com/share/yearly/accounts_year_2017_2018.pdf
Premier Cement Mills Limited,2013,5945.05,3858.36,3018.35,1666.98,5041.16,7539.57,1295.93,0.7653714621,17.18838077,0,http://www.premiercement.com/share/yearly/accounts_year_2017_2018.pdf
Prime Textile Spinning Mills Limited ,2018,2260860697,1627720081,1860996332,417552161,1610032285,1731498010,250235630,1.010985988,14.45197329,0,https://drive.google.com/file/d/1t2xpgpClFX6s8vq5QvvO1tj95ERduWX9/view
Prime Textile Spinning Mills Limited ,2017,2341068941,1205212816,1851922305,470233649,1224125803,1701985231,245079936,0.9845498012,14.39965116,0,https://drive.google.com/file/d/1t2xpgpClFX6s8vq5QvvO1tj95ERduWX9/view
Paramount Textile Limited ,2018,4416973115,2931904117,2681784622,1974122762,2689081070,4119598959,692537492,1.090299638,16.81079879,0,http://www.paramountgroupbd.com/txts/PTL_Annual_Report_2018.pdf
Paramount Textile Limited ,2017,2402177940,2454092977,2469148866,507042389,1876717193,3351654004,563692561,1.307651993,16.81833985,0,http://www.paramountgroupbd.com/txts/PTL_Annual_Report_2018.pdf
Paramount Textile Limited ,2016,1927477078,2891823968,2348705959,242497839,2221778944,3018249952,531028724,1.301580419,17.59392802,0,http://www.paramountgroupbd.com/txts/PTL_Annual_Report_2018.pdf
Paramount Textile Limited ,2015,1905388722,2195207780,2324504601,44162076,1724802408,2935282617,582727472,1.272730007,19.85251671,0,http://www.paramountgroupbd.com/txts/PTL_Annual_Report_2018.pdf
Paramount Textile Limited ,2014,1557932947,2073701953,2131641762,95697959,1394486384,2893056085,608849104,1.487072213,21.04518841,0,http://www.paramountgroupbd.com/txts/PTL_Annual_Report_2018.pdf
Queen South Textile Mills Limited ,2018,748831082,2753771012,1775195260,490720219,1236686615,3871439935,410674027,2.226733094,10.60778506,0,http://www.qstmills.com/file/Financial%20Statement%2030%20June%202018.pdf
Queen South Textile Mills Limited ,2017,700314214,2313004252,1463101279,480169603,1070047544,3637391178,362632419,2.161590169,9.96957438,0,http://www.qstmills.com/file/Financial%20Statement%2030%20June%202018.pdf
Rahim Textile Mills Ltd.,2018 thous,585557,1006324,319828,293565,978488,995951,157205,1.028447973,15.78441108,0,https://www.newasiabd.com/contents/rahim/annual/RTM%20Annual%20Report%202017-18.pdf
Rahim Textile Mills Ltd.,2017,549749,570205,279244,193938,646772,717463,118454,0.8816167057,16.51011969,0,https://www.newasiabd.com/contents/rahim/annual/RTM%20Annual%20Report%202017-18.pdf
Rahim Textile Mills Ltd.,2016,444607,210906,234285,,365522,630290,108568,0.5769994693,17.22508686,0,https://www.newasiabd.com/contents/rahim/annual/RTM%20Annual%20Report%202017-18.pdf
Rahim Textile Mills Ltd.,2015,448491,175853,190954,,327935,598622,92310,0.5362434629,15.42041555,0,https://www.newasiabd.com/contents/rahim/annual/RTM%20Annual%20Report%202017-18.pdf
Rahim Textile Mills Ltd.,2014,485851,224802,167390,,416828,575293,70211,0.5393159769,12.20438976,0,https://www.newasiabd.com/contents/rahim/annual/RTM%20Annual%20Report%202017-18.pdf
Rangpur Foundry Ltd. ,2018,60281060,442603987,253175254,481471,249228322,1241669839,253782112,1.775897633,20.43877559,0,http://www.rangpurfoundry.com/annual_report/annual_report_2017_18.pdf
Rangpur Foundry Ltd. ,2017,73706446,360541908,237223602,657624,226367128,1153659512,236336107,1.592730849,20.48577631,0,http://www.rangpurfoundry.com/annual_report/annual_report_2017_18.pdf
Rangpur Dairy & Food Products Ltd.,2016,676993123,354923629,957064387,10957544,82045957,117945565,26856780,4.325912476,22.77048739,0,http://rdmilk.org/contents/images/pdf/Annual%20Report-2016-2017.pdf
Rangpur Dairy & Food Products Ltd.,2015,674500976,337778107,947236633,9967247,73226339,105734879,26011017,4.612795227,24.60022392,0,http://rdmilk.org/contents/images/pdf/Annual%20Report-2016-2017.pdf
Reckitt Benckiser(Bd.)Ltd.,2017 euro.m,31589,5406,13573,16864,6576,11512,6870,0.822080292,59.67685893,0,http://annualreport2017.rb.com/assets/documents/RB_AR17.pdf
Reckitt Benckiser(Bd.)Ltd.,2016,14569,3450,8426,4192,5401,9480,5801,0.638770598,61.19198312,0,http://annualreport2017.rb.com/assets/documents/RB_AR17.pdf
Regent Textile Mills Limited,2018,3146034181,3492111737,3545810677,895297473,2197037768,1215257968,241327952,1.589463681,19.85816661,0,http://www.regenttex.com/document/20181212-233308.pdf
Regent Textile Mills Limited,2017,2222538689,3211296858,3478466042,855634904,1099734601,1058204192,217625948,2.920065309,20.56559118,0,http://www.regenttex.com/document/20181212-233308.pdf
R.N. Spinning Mills Limited ,2018,10889776312,9921903173,15127164369,1209208777,4475306339,18603708906,9346469778,2.217033298,50.23981952,1,https://renata-ltd.com/wp-content/uploads/2018/11/Annual-Report-2017-18.pdf
R.N. Spinning Mills Limited ,2017,10388162518,7736183424,12474535704,1233238501,4416571737,16043431021,8102926325,1.751626348,50.50619356,1,https://renata-ltd.com/wp-content/uploads/2018/11/Annual-Report-2017-18.pdf
Ratanpur Steel Re-Rolling Mills Limited,2018,2039415801,4696332948,4527478325,142217153,2066053271,7659678631,1276991453,2.273093833,16.67160614,0,http://rsrmbd.com/wp-content/uploads/2018/10/RSRM%20-%20Annaul%20Report-2017-2018.pdf
Ratanpur Steel Re-Rolling Mills Limited,2017,2102641069,3759680971,3857261553,140875994,1864184494,7488695752,1257365287,2.016796612,16.7901772,0,http://rsrmbd.com/wp-content/uploads/2018/10/RSRM%20-%20Annaul%20Report-2017-2018.pdf
SAIF Powertec Limited,2018,6580875812,4702693294,5074415680,1826733241,4382420185,4238879267,1926407357,1.073081333,45.44614828,0,http://www.saifpowertecltd.com/annualreport2018.pdf
SAIF Powertec Limited,2017,5793634929,4677935993,4470208218,1203352975,3734873395,3008061300,1437042403,1.252501892,47.77304249,0,http://www.saifpowertecltd.com/annualreport2018.pdf
Saiham Cotton Mills Limited,2018BDT.M,3126,3195,3368,469,2483,2929,304,1.286749899,10.37896893,0,http://www.saihamcotton.com/annual-reports/Annual%20Report%20of%202017-2018.pdf
Saiham Cotton Mills Limited,2017,3414,2368,3395,557,1830,2989,284,1.293989071,9.50150552,0,http://www.saihamcotton.com/annual-reports/Annual%20Report%20of%202017-2018.pdf
Saiham Cotton Mills Limited,2016,3472,1929,3373,607,1449,2486,225,1.33126294,9.050683829,0,http://www.saihamcotton.com/annual-reports/Annual%20Report%20of%202017-2018.pdf
Saiham Cotton Mills Limited,2015,3397,1822,3369,663,1187,2726,288,1.534962089,10.5649303,0,http://www.saihamcotton.com/annual-reports/Annual%20Report%20of%202017-2018.pdf
Saiham Cotton Mills Limited,2014,3326,1724,3268,137,1643,1880,294,1.049300061,15.63829787,0,http://www.saihamcotton.com/annual-reports/Annual%20Report%20of%202017-2018.pdf
Saiham Textile Mills Ltd.,2018cr,193.22,303.25,244.34,25.31,226.82,217.81,26.17,1.336963231,12.015059,0,http://www.saihamtextile.com/files/annual%20report/Annual%20Report%20of%20Textile-2018.pdf
Saiham Textile Mills Ltd.,2017,187.94,246.87,243.95,16.59,174.27,152.96,23.16,1.416594939,15.14121339,0,http://www.saihamtextile.com/files/annual%20report/Annual%20Report%20of%20Textile-2018.pdf
Saiham Textile Mills Ltd.,2016,192.95,210.94,238.65,31.22,134.02,163.98,19.69,1.573944187,12.0075619,0,http://www.saihamtextile.com/files/annual%20report/Annual%20Report%20of%20Textile-2018.pdf
Saiham Textile Mills Ltd.,2015,202.6,242.21,230.52,54.18,157.78,174.74,16.46,1.535112182,9.419709282,0,http://www.saihamtextile.com/files/annual%20report/Annual%20Report%20of%20Textile-2018.pdf
Saiham Textile Mills Ltd.,2014,212.26,223.24,243.95,68.54,123,158.44,27.26,1.81495935,17.2052512,0,http://www.saihamtextile.com/files/annual%20report/Annual%20Report%20of%20Textile-2018.pdf
S. Alam Cold Rolled Steels Ltd.,2016,4138937292,7775589238,1912214610,1894274819,7974337975,2836000112,306490432,0.9750764593,10.80713751,0,http://www.s.alamgroupbd.com/RightShare/ColdRolled/Annual%20Report%202016.pdf
S. Alam Cold Rolled Steels Ltd.,2015,4064560627,8144216827,1953997714,1949098371,8170586710,3283819253,399598418,0.9967725839,12.16870927,0,http://www.s.alamgroupbd.com/RightShare/ColdRolled/Annual%20Report%202016.pdf
Salvo Chemical Industry Limited,2017,553662827,166000568,702314198,49836781,227824244,260844209,119342918,0.7286343415,45.75256566,0,http://www.salvochemical.com/wp-content/uploads/2017/12/Annual-Report-2016-17.pdf
Salvo Chemical Industry Limited,2016,549311615,148898636,655537987,25841345,165757975,267093823,107479624,0.8982894247,40.24040047,0,http://www.salvochemical.com/wp-content/uploads/2017/12/Annual-Report-2016-17.pdf
Samorita Hospital Limited ,2018,880882622,137759527,933939163,38369589,46333397,370198077,210134493,2.973223116,56.76271868,1,https://drive.google.com/open?id=1ev8A_T6xd0ME2Ywb5MbgHTN7UpQmdsVa
Samorita Hospital Limited ,2017,879996675,133808194,854655865,108465598,50683406,376635600,219785378,2.640078964,58.35491334,1,https://drive.google.com/open?id=1ev8A_T6xd0ME2Ywb5MbgHTN7UpQmdsVa
Summit Alliance Port Limited,2018,8646140906,934608416,5514890359,2451709420,1614149543,1386994792,721508187,0.5790098074,52.01953109,0,https://drive.google.com/file/d/1L_M8VDOUEqPI48UcrFXCwYXPtUdWVCMU/view
Summit Alliance Port Limited,2017,8615584941,505745938,5590432934,2249382264,1281515683,1311912322,595684058,0.3946467021,45.40578269,0,https://drive.google.com/file/d/1L_M8VDOUEqPI48UcrFXCwYXPtUdWVCMU/view
Shasha Denims Limited,2018,4963415632,7113765780,5940471302,789523031,5333943550,7511254092,1239437958,1.33367849,16.50107882,0,https://shashadenims.com/investors/documents/annual-reports/annual-report-2018
Shasha Denims Limited,2017,4708191058,6171205479,5527006897,957069353,4383383732,6256605210,1207831413,1.40786339,19.30490054,0,https://shashadenims.com/investors/documents/annual-reports/annual-report-2018
Shasha Denims Limited,2016,4545834747,5155228760,5246989476,1060331950,3383376467,5635000000,1095000000,1.523693509,19.43212067,0,https://shashadenims.com/investors/documents/annual-reports/annual-report-2018
Shepherd Industries Limited,2017,1526266925,3039003195,2277761951,132726294,2154781875,2578968478,315409707,1.410353053,12.2300722,0,http://www.shepherdbd.com/Annual%20Report-2017.pdf
Shepherd Industries Limited,2016,1384811864,2471463873,1948472212,123185570,1784617955,2642633411,306220364,1.384870003,11.58769744,0,http://www.shepherdbd.com/Annual%20Report-2017.pdf
Shinepukur Ceramics Limited,2018 BDT.M,5451.431,1012.706,4215.246,578.613,1670.278,1528.643,346.286,0.6063098478,22.65316362,0,http://www.shinepukur.com/annual_report/ShinepukurCeramics-AR2017-18.pdf
Shinepukur Ceramics Limited,2017,5550.313,920.773,4169.05,672.156,1629.88,1437.866,326.026,0.5649330012,22.67429649,0,http://www.shinepukur.com/annual_report/ShinepukurCeramics-AR2017-18.pdf
Shinepukur Ceramics Limited,2016,5595.37,889.047,4128.856,776.314,1579.247,2053.499,453.345,0.5629562697,22.07670907,0,http://www.shinepukur.com/annual_report/ShinepukurCeramics-AR2017-18.pdf
Shinepukur Ceramics Limited,2015,5712.745,971.05,4254.431,925.453,1503.911,1411.871,339.39,0.6456831555,24.03831512,0,http://www.shinepukur.com/annual_report/ShinepukurCeramics-AR2017-18.pdf
Shinepukur Ceramics Limited,2014,5644.821,1044.626,4264.595,627.018,1797.834,1677.657,424.214,0.581046971,25.28609841,0,http://www.shinepukur.com/annual_report/ShinepukurCeramics-AR2017-18.pdf
Shinepukur Ceramics Limited,2013,5163.869,1710.386,4487.867,629.398,1756.99,1692.444,451.34,0.9734750909,26.66794293,0,http://www.shinepukur.com/annual_report/ShinepukurCeramics-AR2017-18.pdf
Shinepukur Ceramics Limited,2012,5323.6,1796.413,4544.462,803.484,1772.067,1927.704,674.037,1.013738758,34.9657935,0,http://www.shinepukur.com/annual_report/ShinepukurCeramics-AR2017-18.pdf
Shahjibazar Power Co. Ltd.,2018,6231228910,3737839884,5306414146,192115541,4190885084,7384769136,1552222209,0.8918974892,21.01923812,0,https://drive.google.com/open?id=1vWL1jI7pzHlCfFveNp-Q-XC2ClmpdBgj
Shahjibazar Power Co. Ltd.,2017,6647548177,2795563575,4871963609,388672715,3924134964,8642556150,1753235189,0.7124025042,20.2860723,0,https://drive.google.com/open?id=1vWL1jI7pzHlCfFveNp-Q-XC2ClmpdBgj
Shahjibazar Power Co. Ltd.,2016,6427200483,3883982475,4396980445,743784661,4960592895,7994314012,1501418370,0.7829673906,18.78107825,0,https://drive.google.com/open?id=1vWL1jI7pzHlCfFveNp-Q-XC2ClmpdBgj
Shahjibazar Power Co. Ltd.,2015,6666085325,3840511387,4064363206,1359785767,4908327823,9182109019,1654387790,0.7824480201,18.01751413,0,https://drive.google.com/open?id=1vWL1jI7pzHlCfFveNp-Q-XC2ClmpdBgj
Shahjibazar Power Co. Ltd.,2014,6836447741,4275808552,3214152921,2609313244,5286889808,5055725129,1154012136,0.8087568887,22.82584805,0,https://drive.google.com/open?id=1vWL1jI7pzHlCfFveNp-Q-XC2ClmpdBgj
Standard Ceramic Industries Ltd,2018,119994568,99028019,96661705,11606914,110753968,294970264,66832835,0.89412615,22.65748218,0,http://www.standardceramic.net/admins/uploads/Annual%20Report%202017-18.pdf
Standard Ceramic Industries Ltd,2017,111902469,84414699,87267655,10454190,98595323,263367777,40394573,0.8561734617,15.33770511,0,http://www.standardceramic.net/admins/uploads/Annual%20Report%202017-18.pdf
Stylecraft Limited,2018,704415332,600775890,314752824,198815414,791622984,3256769223,193072332,0.758916684,5.928339369,0,http://stylecraftltd.com/pdf/Annual%20Report-%202018.pdf
Stylecraft Limited,2017,615738190,540833312,279424438,116845080,760301984,3090336551,168837495,0.7113401298,5.463401549,0,http://stylecraftltd.com/pdf/Annual%20Report-%202018.pdf
Summit Power Limited,2018,49164397645,15181227384,36899541864,6429873396,21016209769,18467638287,5404659434,0.7223580061,29.26556905,0,https://summitpowerinternational.com/sites/default/files/pdf/AR_SPL_2017-18.pdf
Summit Power Limited,2017,30434534513,12375834592,33076745070,6895476856,2838147179,16213948333,4364811613,4.360533056,26.92010313,0,https://summitpowerinternational.com/sites/default/files/pdf/AR_SPL_2017-18.pdf
Summit Power Limited,2016,29662269408,8862922674,28435454804,139706879,9950030399,8800057604,3781513468,0.890743276,42.97146267,0,https://summitpowerinternational.com/sites/default/files/pdf/AR_SPL_2017-18.pdf
United Commercial Bank Ltd.,2017,529550262,3440490403,2269520658,0,1700520007,416474444,301096419,2.023199015,72.29649342,1,https://www.ucb.com.bd/reports/shareholder-reports/annual-report/Annual-report-2017.pdf
United Commercial Bank Ltd.,2016,525224231,1899324251,2047554575,0,376993907,84815746,48253790,5.038076785,56.89249022,1,https://www.ucb.com.bd/reports/shareholder-reports/annual-report/Annual-report-2017.pdf
Unique Hotel & Resorts Limited ,2018,22751562317,9407342107,26147514216,2110573761,3900816447,2036049611,1544848383,2.411634137,75.8747908,1,http://www.uhrlbd.com/Upload/Document/UHRL%20Annual%20Report-2017-18.pdf
Unique Hotel & Resorts Limited ,2017,21993282955,10162433192,26148376352,1749753865,4257585930,1677431005,1269682782,2.386900314,75.69210168,1,http://www.uhrlbd.com/Upload/Document/UHRL%20Annual%20Report-2017-18.pdf
United Power Generation & Distribution Company Ltd.,2018,8550236159,7874953198,16290781738,700000,133707619,6144608026,4218717936,58.89681723,68.65723441,1,http://www.unitedpowerbd.com/wp-content/uploads/2018/10/Annual-Report-2017-18-UPGDCL.pdf
United Power Generation & Distribution Company Ltd.,2017,8641515573,6451789252,14960921466,700000,131683359,5759239628,4031951209,48.99471961,70.00839467,1,http://www.unitedpowerbd.com/wp-content/uploads/2018/10/Annual-Report-2017-18-UPGDCL.pdf
Usmania Glass Sheet Factory Limited,2018,2334035496,297683768,1875636765,656583412,99499087,208056101,-7064231,2.991824116,-3.395349123,0,http://www.ugsflbd.com/doc/Usmania-compressed.pdf
Usmania Glass Sheet Factory Limited,2017,241368428,345288480,143778813,362238785,80639310,180765514,-64813517,4.281887829,-35.85502321,0,http://www.ugsflbd.com/doc/Usmania-compressed.pdf
Titas Gas Transmission & Dist. Co. Ltd. ,2018,72705326442,77370445556,66559776264,19465654915,64050340819,142160635355,5030247010,1.207963058,3.538424682,0,https://www.titasgas.org.bd/temp/source/AR201718.pdf
Titas Gas Transmission & Dist. Co. Ltd. ,2017,65220934223,75433983044,64979648955,15445655978,60229612334,125705663110,7258352749,1.252440122,5.774085725,0,https://www.titasgas.org.bd/temp/source/AR201718.pdf
Tosrifa Industries Limited,2018,2839617163,770767811,2124722271,692704727,792957976,1251310829,241250142,0.9720159634,19.27979335,0,http://www.til.com.bd/uploads/investors/invesotrs_1_1545201843.pdf
Tosrifa Industries Limited,2017,2256047638,699369310,2107968680,278529515,568918753,1206899302,226960657,1.229295583,18.80526873,0,http://www.til.com.bd/uploads/investors/invesotrs_1_1545201843.pdf
Wata Chemicals Limited,2016,621860160,308687875,843970064,183779356,175301843,470476056,143258030,1.760893495,30.44958998,0,http://watachemical.com/wp-content/uploads/2016/12/Annual-Report-2015-2016.pdf
Wata Chemicals Limited,2015,629104774,290517567,692811066,46310190,314308013,289915411,96487354,0.9243084967,33.28120905,0,http://watachemical.com/wp-content/uploads/2016/12/Annual-Report-2015-2016.pdf
Western Marine Shipyard Limited,2018,9352312555,8416062532,5490131964,10886322678,1391920445,3024284044,1112710989,6.046367493,36.79254239,1,http://www.wms.com.bd/wp-content/uploads/2018/10/wmshl-annual-report-2017-2018-for-website.pdf
Western Marine Shipyard Limited,2017,8196621829,8050834051,5083527050,7687298054,3476630776,2978544328,982751460,2.315700047,32.99435401,0,http://www.wms.com.bd/wp-content/uploads/2018/10/wmshl-annual-report-2017-2018-for-website.pdf
Yeakin Polymer Limited,2018,746809795,385896471,853891773,62681297,216133194,183619342,40229452,1.785456754,21.90915813,0,http://yeakinpolymerbd.com/wp-content/uploads/2016/12/Annual-Report-2018.pdf
Yeakin Polymer Limited,2017,625700220,466298171,844016726,47571484,200410181,324472755,77692954,2.326718975,23.94436907,0,http://yeakinpolymerbd.com/wp-content/uploads/2016/12/Annual-Report-2018.pdf
Zahintex Industries Limited,2018,1508951153,2302308953,2038451004,967647974,805161130,801730247,194517346,2.859438772,24.26219377,0,http://zahintex.com/wp-content/uploads/2018/12/Annual-Report-2018.pdf
Zahintex Industries Limited,2017,1433894274,1985719333,1989657697,789081834,640874076,1216837944,254744190,3.098454763,20.9349315,0,http://zahintex.com/wp-content/uploads/2018/12/Annual-Report-2018.pdf
ACI,2017-18,1069711660,20317402522,23887594556,23887594556,35686620088,21387105125,12144878812,0.5693282937,56.78598736,0,
ACI Formulations Limited,2017-18,98689890,3494715864,1830598802,1793502725,2502332806,4127465958,3100967609,1.396583163,75.13005899,0,
AFC,2016-2017,104004483,1538135295,2759877217,2487006093,5553501595,997147445,2063805976,0.2769667513,206.9709937,0,
Aftab Automobiles LTD,2017-18,3545480550,3545480550,4956583410,8744286812,11289748396,3359756688,2691496957,0.3140442484,80.1098772,0,
AL Arafah Islami bank,2016-17,774400292,4091255031,4514885801,337557824372,21803383294,774117287,1254508906,0.1876431275,162.056697,0,
AFCL,2018-19,139904804,944706029,1787090687,3564191200,5351281888,80060138,432636481,0.1765382667,540.389377,0,
Alhaj Textile mills,2018'000,164967,140090,113116000,447295000,248424000,48871000,49970626,0.0005639149197,102.2500583,0,
ALHAJ TEXTILE MILLS LIMITED,2017,147242,563462,99200000,464262000,257982000,119594000,101171000,0.00218411362,84.59538104,0,
ACI,2018-19,1677591,21508251,12081888,25797073,37878960,5472683,2980458,0.5678152462,54.46063658,0,
ACI,2017-18,1219279,15182694,10378829,19321409,29700238,4889790,2658852,0.5111977217,54.37558668,0,
ACI,2016-17,1147923,12677596,9642330,16860281,12677092,13676836,7675803,1.000039757,56.12265147,0,
SQUARE PHARMACEUTICALS LTD.,2016-2017 2nd qtr,1096657976,4148749126,28306067361,23251816708,46305550849,9509492152,4796882682,0.08959507122,50.44310049,0,
ACI,2016,1099322,7379219,8433888,11956354,11911701,4032668,2340725,0.6194933033,58.04407901,0,
Aman Feed LTD,2017-18,158154350,36968344,1603909208,5741365124,3760314839,385679508,3033824023,0.009831183181,786.6178939,0,
Aman Feed LTD, 2016-17,187867480,1568357006,1513875166,3727929816,3845580494,395827512,2531857889,0.407833618,639.636663,0,
Aman Feed LTD 2016-17,2015-16,234960711,1345603096,1059772666,3579846734,3059055593,297228733,1236080398,0.4398753325,415.8684073,0,
AMBEE,2016-17,15979194,15979194,119902598,451579336,60579232,7254682,167007820,0.2637734661,2302.069477,0,
AMBEE,2016-17,7149224,355439276,95182604,326970446,59564550,8181924,244891250,5.967295581,2993.076567,1,
AMBEE,2014,8319966,350644649,49724351,367342889,58102626,344038325,161807685,6.034919127,47.03187792,1,
AMBEE,2013,277874541,339961783,339961783,291152854,53579454,342972431,163324226,6.34500275,47.62021995,1,
Beximco Pharmaceuticals Limited,2016-2017,5605667422,3406039548,24953316701,9130816169,25072425900,15508776972,8323895349,0.1358480253,53.67215844,0,
BANGLADESH EXPORT IMPORT COMPANY LIMITED,2017-2018,42559053717,14565051128,37314049878,80263217026,60453162059,23845878287,16243180683,0.240931171,68.1173513,0,
BANGLADESH EXPORT IMPORT COMPANY LIMITED,2016-2017,37182488914,17971397939,37461541444,77338968017,59646622608,22626803968,15955613960,0.3012978297,70.51642814,0,
SHINEPUKUR CERAMICS LIMITED,2017-2018,578613263,1670277511,5451430431,1012706324,4215245981,1528643124,1182346853,0.3962467478,77.34616631,0,
SHINEPUKUR CERAMICS LIMITED,2016-2017,672156347,1629879538,5550312459,920773253,4169049827,1437866858,1111841194,0.3909474834,77.32574041,0,
BEXIMCO SYNTHETICS LIMITED,2017-2018,1163364271,623728987,1292135330,2020244681,1525286752,1227964152,1283629008,0.4089257224,104.5331011,0,
BEXIMCO SYNTHETICS LIMITED,2016-2017,251653797,1193376711,1327157891,1913858151,1795985534,407051438,476404389,0.6644689996,117.0378838,0,
Beximco Pharmaceuticals Limited,2015-2016,5106928058,2982567508,22620900165,8528007810,23059412409,20034502592,10800317358,0.1293427367,53.90858749,0,
Beximco Pharmaceuticals Limited,2014,3372593206,4707747430,20634246854,8366279107,20920185325,11206885677,6102694323,0.2250337345,54.45486372,0,
Beximco Pharmaceuticals Limited,2013,3312618059,4382581278,18567329474,8903422328,19775552465,10490699094,5651898878,0.2216161235,53.87533116,0,
Beximco Pharmaceuticals Limited,2012,3116703964,3064944769,16392388639,8197421953,18408161859,9289115284,4899713857,0.1664992297,52.7468301,0,
Beximco Pharmaceuticals Limited,2011,3257050368,2648161988,15884877780,7148462753,17128128177,7890241843,4103709021,0.1546089544,52.00992698,0,
Beximco Pharmaceuticals Limited,2010,2885155826,2513157232,15180731678,6191667831,15974086451,6490847353,3317640254,0.1573271335,51.11259091,0,
Beximco Pharmaceuticals Limited,2009,6684775166,2321451642,12975195529,6916737893,10885706614,4868254915,2566206626,0.2132568628,52.7130701,0,
BEXIMCO SYNTHETICS LIMITED,2015-2016,335090713,1018239238,1361990823,2014783906,2023444778,1379008993,1256478028,0.5032206705,91.11456375,0,
BEXIMCO SYNTHETICS LIMITED,2014-2015,362702261,911116622,1378928139,1950774296,2055883552,977572321,893750577,0.4431752086,91.42551991,0,
BEXIMCO SYNTHETICS LIMITED,2013-2014,417471406,770136664,1398054018,1915369462,2125815411,1187413298,1066299550,0.3622782392,89.80020283,0,
BEXIMCO SYNTHETICS LIMITED,2012,28939145,1102455233,1441076281,1894248469,2203930372,1426752263,1161418416,0.5002223514,81.40294893,0,
BEXIMCO SYNTHETICS LIMITED,2011,66823071,892398967,1451259573,1631449155,2123486690,1545017437,1300156899,0.4202517356,84.15160036,0,
Square pharmaceuticals Ltd,2018-2019 1st,1240436022,2740369250,33198813668,33198813668,61069620521,10542077932,5115810187,0.04487287176,48.52753148,0,
Square pharmaceuticals Ltd,2018-2019 3rd,1127175447,6752821327,26352535451,30544662409,49017201086,30544662409,3998690502,0.137764319,13.09129055,0,
Square pharmaceuticals Ltd,2018-2019 2nd,1151538026,4222793174,31668948000,26311160667,52585674935,19720637882,9897412698,0.08030310877,50.18809613,0,
 Apex Footwear LTD,2013,817648236,820711816,2153982977,7420556241,2496114103,10940035731,9224697113,0.328795793,84.32053916,0,
 Apex Footwear LTD,2012,820711816,5060830061,2111103023,6057169775,2286730921,9748378905,8201767621,2.213128801,84.1346823,1,
 Apex Footwear LTD,2011,500590323,4651574679,1889270537,5290770436,2027875971,9499256667,8139592270,2.293816163,85.68662323,1,
 Apex Footwear LTD,2010,726066068,97076461,424413466,4677043785,726066068,6931516622,5839472184,0.1337019664,84.24523091,0,
 Apex Footwear LTD,2009,2752039461,2752039461,537109886,2950021759,735092184,5834073431,5820869547,3.743801826,99.77367642,1,
 Apex Footwear LTD,2008,2685499668,2685499668,478105162,2770329439,562934933,5629744808,4964231144,4.770532988,88.17861756,1,
 Apex Footwear LTD,2007,2424952,2424952,328189,2466120,363859,4441134,3879931,6.664537637,87.36352022,1,
 Apex Footwear LTD,2006,2424952,2424952,271885,2466120,363859,2939715,2904486,6.664537637,98.80161852,1,
 Apex Footwear LTD,2005,931081,931081,243817,960495,219585,2179175,1963043,4.240184894,90.08193468,1,
 Apex Footwear LTD,2004,918602,918602,245754,934275,190638,1703817,1513523,4.818567127,88.83131228,1,
 Apex Footwear LTD,2003,670271,670271,126774,783637,164066,915853,770693,4.085374179,84.15029486,1,
 Apex Footwear LTD,2002,549320,549320,121832,679339,161496,474037,367208,3.401446475,77.46399543,1,
 Apex Footwear LTD,2001,514222,514222,123363,655473,160777,394921,278212,3.198355486,70.44750722,1,
 Apex Footwear LTD,2000,417346,417346,132432,561846,160320,537405,4104837,2.603206088,763.8256064,1,
 Apex Footwear LTD,1999,325273,325273,146550,462247,159027,517477,434364,2.045394807,83.93880308,1,
 Apex Footwear LTD,1998,300771,300771,166645,450138,157515,567412,455805,1.909475288,80.33051821,1,
 Apex Footwear LTD,1997,272709,272709,272709,418366,145657,72490,303992,1.872268411,419.3571527,1,
 Apex Footwear LTD,1996,330877,330877,272709,355202,24325,48760,266697,13.60234327,546.9585726,1,
 Apex Footwear LTD,1995,339342,339342,335023,18280,-321062,314116,246207,-1.056936044,78.3809166,0,
 Apex Footwear LTD,1994,203085,203085,173658,24280,-178805,183359,136666,-1.135790386,74.53465606,0,
 Apex Footwear LTD,1993,52417,52417,63995,79850,27433,99661,79446,1.910727955,79.71623805,1,
SQUare pharmaceuticals Ltd,2017,1129233846,52531052249,29355222227,23175830022,49027700210,42284675530,18274858914,1.071456585,43.21863343,0,
SQUare pharmaceuticals Ltd,2016,1054498262,2692117531,27240402799,17063366651,40555055362,38325600166,17082336657,0.06638179894,44.57160901,0,
SQUare pharmaceuticals Ltd,2015,931442178,2390847961,21614399749,9739782495,28031892107,35191594981,17471413893,0.08529028122,49.64655311,0,
SQUare pharmaceuticals Ltd,2014,855398657,3416619593,18781466580,7768068298,22277516628,24193356807,11727992671,0.1533662683,48.47608691,0,
SQUare pharmaceuticals Ltd,2013,889412860,3792438255,17738045389,5996697544,19052891818,23360199256,11404574196,0.1990479079,48.82053475,0,
SQUare pharmaceuticals Ltd,2012,987949283,4252934845,14892046536,6745507008,16396669416,20742746372,10133675177,0.259377971,48.85406684,0,
SQUare pharmaceuticals Ltd,2011`,4000000000,324942909,647717774,978972709,901747574,22655115339,11907772974,0.3603479714,52.56107857,0,
SQUare pharmaceuticals Ltd,2010,1368376052,2093142485,11789045895,4783658887,13107161585,16974708783,10283786212,0.1596945663,60.58299052,0,
SQUare pharmaceuticals Ltd,2009,997553246,297875582,10889343585,4110509561,11021265716,12970916741,7352497818,0.02702734783,56.68448857,0,
SQUare pharmaceuticals Ltd,2008,785241612,3500845103,8291290984,4411836436,8417040705,8257843739,4856061933,0.4159235087,58.80544712,0,
SQUare pharmaceuticals Ltd,2007,598116106,2555566286,6804429292,3682510712,7333257612,7500811349,4268447662,0.3484899101,56.90647936,0,
SQUare pharmaceuticals Ltd,2006,794538287,2924483270,6467101625,4477330627,7193808239,7256044684,4509513272,0.4065278324,62.14836689,0,
SQUare pharmaceuticals Ltd,2005,389193080,2474331277,5428111388,3537099059,6171919150,6369234527,4039823510,0.4009014404,63.42714329,0,
SQUare pharmaceuticals Ltd,2004,1243575200,4626686161,2237138891,2008955881,4590142003,4721551742,2814959729,1.007961444,59.61937691,0,
SQUare pharmaceuticals Ltd,2003,1247966832,3916353393,2367926720,1441552330,3851098460,4065850882,2599568428,1.016944499,63.93663967,0,
Square pharmaceuticals Ltd,2017-2018 1st,1124247330,2955843975,30508868755,25869931251,52282697915,9867950497,4884326533,0.0565357966,49.49686903,0,
Square pharmaceuticals Ltd,2016-2017 3rd,1096657976,4148749126,28306067361,23251816708,46305550849,26642137684,13070938710,0.08959507122,49.06114841,0,
Square pharmaceuticals Ltd,2016-2017 2nd,1078515922,4973570937,28165102919,21105751976,43214109446,19901081303,8524056028,0.1150913672,42.83212504,0,
Square pharmaceuticals Ltd,2016-2017 1st,1091577511,3272588624,28139886833,19360155138,43134132534,8432814386,4266821614,0.0758700461,50.59783625,0,
Square pharmaceuticals Ltd,2015-2016 3rd,941758143,3608635163,26294065021,13709801723,35454487520,23022989715,11701368308,0.1017821837,50.8247124,0,
Square pharmaceuticals Ltd,2015-2016 2nd,917926368,4513793105,25935755209,12776657772,33282439730,15408852039,7984676325,0.1356208602,51.81876174,0,
Square pharmaceuticals Ltd,2015-2016 1st,1136621102,2589868909,25597697991,11041202352,32914193428,7350198287,3874928594,0.07868547393,52.71869469,0,
Square pharmaceuticals Ltd,2014-2015 3rd,1517248196,2539427846,24385022981,9079940489,29409940889,20065838289,10880191583,0.08634590105,54.22246221,0,
Square pharmaceuticals Ltd,2014-2015 1st,828740138,1890708447,18614871488,9428405147,25323828050,6496916775,3393808464,0.07466124171,52.23721623,0,
Square pharmaceuticals Ltd,2013-2014 3rd,1895193371,3282884388,22771079492,8051825616,25626179532,17476617322,2733689424,0.1281066647,15.64198251,0,
Square pharmaceuticals Ltd,2013-2014 1st,1745503029,2988698028,21516396521,6986371474,23760676977,5596208438,2946551799,0.1257833702,52.65264566,0,
Square pharmaceuticals Ltd,2012-13 3rd,1069071109,3508714448,18664411038,743378336,21513332577,14661033866,7738910281,0.1630948825,52.78556991,0,
IFAD autos LTD,2018-19,8793937186,12684048732,3138915116,27374114436,9035043634,3803655369,3070124600,1.403872438,80.7151096,0,
PADMAOIL,2018-19,142546301418,9907976812,180310109599,24786288458,52642119827,4981634850,2398340238,0.1882138646,48.14363779,0,
POWERGRID,2018-19,3760000,1580350000,23794000,1691733000,131417000,198000,6514000,12.02546094,3289.89899,1,
AZIZ Pipes,2018-19,303988000,161195000,250247000,230316000,93122000,64689000,57883000,1.731008784,89.47889131,1,
BBS,2018-19,312003452,1314608609,1592273143,2166042147,2131703229,477720360,372621881,0.6166940084,78.00000004,0,
BBS Cable,2018-19,489775547,2758651454,1800789258,5225015574,3777377922,2379148561,1596594528,0.7303085661,67.10781135,0,
BD THAI,2018-19,828172118,1394482732,2843170251,2679062942,3344840327,394583612,286031331,0.4169056205,72.48940967,0,
BENGALWTL,2018-19,68228494,250779817,735447602,1772776379,2189195670,71282041,56820869,0.1145534044,79.71274139,0,
DESH bandhu polymar ltd,2018-19,69465396,1048215336,352157511,1426198842,661392549,229592512,209698340,1.58486112,91.33500835,1,
GOLDENSON,2018-19,1294805896,2066301490,3702991444,3397505431,3739386496,155784295,141055689,0.5525776734,90.54551295,0,
GPHISPAT,2018-19,10552720011,8480950989,17041182813,7694350097,5701861910,2611993174,2158534282,1.487400278,82.63935387,0,
ICB AMCL SONAL BANK LTD,2018-19,1138906723,31050701,1106380895,32050301,1107856022,23464640,4266497,0.02802774041,18.18266549,0,
PRIME  BANK,2018-19,1165499541,71363829,1234998414,60026980,1163634585,18411224,4636077,0.06132838429,25.18071042,0,
ATCSLGF,2018-19,790884446,6253323,2306028,788578418,784631123,7680964,18959062,0.007969761607,246.8318039,0,
INTECH,2018-19,120647775,221135834,11711948,11915292,346808369,45771335,9210860,0.6376311928,20.12364289,0,
Jamuna OIl company,2018-19 1st ,899764016,39422305310,13881651356,59773437965,19451368639,427643484,502450477,2.02671113,117.4928406,1,
Jamuna OIl company,2017-18 3rd,855914048,43646361942,13871167970,48553899680,17922791660,233680428,917725872,2.435243503,392.7268877,1,
Jamuna OIl company,2017-18 half,18438473044,814566870,15044300170,44008681846,18438473044,415025726,1037028011,0.04417756655,249.8707781,0,
Jamuna OIl company,2017 1st,860141424,41098987777,14300403246,46679759468,19021033513,180003776,632167619,2.160712653,351.1968654,1,
Jamuna OIl company,2016-17 half,536446007,46574968419,881351577,283292127,78546460724,7923246433,572787985,0.592960752,7.229208252,0,
Jamuna OIl company,2016 1st,522582777,42120458902,840106173,59795973435,17675514533,176667020,332583914,2.382983467,188.2546692,1,
Jamuna OIl company,2015-16 half,365555398,31933136350,817523744,47222718194,15289581844,240199428,445164973,2.088555245,185.3314043,1,
Khan Brothers PP woven Bag industries LTD,2018 1st ,23367065,86008585,591742893,737097702,1219464945,553612203,353642203,0.07052977238,63.87904766,0,
Khan Brothers PP woven Bag industries LTD,2017 half,22699208,80229002,590755324,712181.858,1200009972,376620669,279720669,0.06685694609,74.27119434,0,
Khan Brothers PP woven Bag industries LTD,2015 3rd,15222129,45666387,553749009,461706365,957208881,732364677,693148921,0.0477078597,94.64532394,0,
Khan Brothers PP woven Bag industries LTD,2014,25386741.33,76160224,394888558,385223409,689547103,943711782,874647133,0.1104496323,92.68159513,0,
Central Pharmaceuticals LTD,2013-14,145638605,262330726,1142444093,691680253,14261555015,654288520,528711375,0.01839425825,80.80706888,0,
Central Pharmaceuticals LTD,2015-16,168996283,528343330,1097500049,1051557506,1631717942,416754039,211349614,0.323795747,50.71327311,0,
Central Pharmaceuticals LTD,2016-17,169482920,380159890,1056805602,1233641390,1740804182,455678564,234900250,0.2183817651,51.54955018,0,
Central Pharmaceuticals LTD,2017-18,165628430,408173456,1025568216,1349943950,1801710280,319578450,170865089,0.2265477755,53.46577311,0,
SQUARE PHARMACEUTICALS LTD.,2015-2016 1st qtr,1054498262,2691182654,27240402799,17063366651,40557494698,8459550637,4555865585,0.06635475574,53.85469962,0,
Gemini Sea food,2014,7596600,212194105,40777364,174274544,215051908,954540568,879980297,0.9867111014,92.188884,0,
Gemini Sea food,2015,7198280,364810030,40413990,333604951,2010631,905238895,836580339,181.4405677,92.41542135,1,
Gemini Sea food,2016,6600932,332393226,37652755,324939176,23597773,1112137664,1027938245,14.08578793,92.42904708,1,
Gemini Sea food,2017,6644746,722413198,36070123,735941405,42953585,1355124137,1253342857,16.81846109,92.48915452,1,
Gemini Sea food,2018,6405072,458541465,43856384,466659998,45569845,795547680,710077463,10.06238808,89.25643061,1,
Linde,2007'000,333128,278813,1007549,998670,1394278,2000172,1311832,0.1999694466,65.58595961,0,
Linde,2008,314696,348455,966509,1207552,1510910,24985836,1664294,0.2306259142,6.660949828,0,
Linde,2009,318358,429119,928631,2586011,1838534,2742817,1653727,0.233402809,60.29301262,0,
Linde,2010,344977,461499,1048338,2801974,1995498,3199375,1857531,0.231270089,58.05918343,0,
Linde,2011,351878,482947,1242530,3000230,2165405,3729754,2279806,0.2230284866,61.12483558,0,
Linde,2012,362148,645026,1523114,3198541,2191367,3817127,2526730,0.2943486874,66.19454894,0,
Linde,2013,415036,634342,1552812,1955061,2458495,4056278,2550089,0.2580204556,62.86770779,0,
Linde,2014,415036,634342,1552812,1955061,2458495,4056278,2550089,0.2580204556,62.86770779,0,
Linde,2015,466946,871611,1998157,2125964,2785564,3933185,2243767,0.3129028807,57.04707508,0,
Linde,2016,470644,1824329,2644777,2835129,3184933,4270585,2290426,0.5727998046,53.63260537,0,
linde,2017,696012,1573001,3317877,2626955,3675819,4941799,2632227,0.4279321153,53.26455002,0,
Linde,2018,696072,1428501,333810,2923575,4137109,3843563,2249936,0.3452896697,58.53776821,0,
Nurani dying,2016-2017,277235170,625567575,663170656,1298432533,1961603189,1109771276,888606722,0.3189062796,80.07115892,0,
Nurani dying,2017-2018,387510015,394105983,737990800,1239271614,1977262414,1200551122,939904105,0.199319008,78.28938625,0,
Unique Hotel & Resorts Ltd,2011,877819193,1337667813,20294154149,4675793920,22722308663,1844119030,367476310,0.05887024214,19.9269301,0,
Unique Hotel & Resorts Ltd,2012,672859486,1838831485,20832995018,7083882108,25405186155,2162762141,421175593,0.07238016182,19.47396734,0,
Unique Hotel & Resorts Ltd,2013,539560154,2273031502,20727648589,7815900125,25730957059,2070534358,403525375,0.08833839708,19.48894851,0,
Unique Hotel & Resorts Ltd,2014,416932110,1889442484,20754467131,7382773335,25830865872,2237050202,430598024,0.07314669564,19.24847389,0,
Unique Hotel & Resorts Ltd,2015,1407349575,2191222372,21197325784,8318410504,25917164341,2109863265,445006013,0.08454714965,21.09169918,0,
Unique Hotel & Resorts Ltd,2016-2017,1749753865,4257585930,22921157955,9234558192,26148376352,1826316418,407748259,0.1628241032,22.32626586,0,
Unique Hotel & Resorts Ltd,2017-2018,2110573761,3900816447,22751562317,9407342107,26147514216,2036049611,491201228,0.1491849824,24.1252092,0,
saiham taxtile mills ltd,2017,165982619,1742776194,1879452117,2466784623,2439477927,1529634985,1297995301,0.7144053958,84.85653857,0,
saiham taxtile mills ltd,2018,253136828,2268170584,1932223618,3032528541,2443444747,2178119707,1916381278,0.9282675971,87.98328539,0,
S. alam cold rolled,2012,223955171,9163627805,3342736548,8232869745,2056015486,918150749,729351575,4.456983844,79.43701792,1,